city,year_month,avg_aqi,max_aqi,good_rate,avg_pm25,avg_pm10,avg_so2,avg_no2
??,2025-01,69.76,89,1.0,43.27,73.22,8.11,15.57
??,2025-02,67.6,88,1.0,41.88,70.9,8.92,15.13
??,2025-03,61.46,83,1.0,38.1,64.56,6.41,13.85
??,2025-04,53.48,76,1.0,33.2,56.19,6.78,12.14
??,2025-05,45.27,67,1.0,28.07,47.49,7.13,10.44
??,2025-06,39.08,61,1.0,24.18,41.12,4.65,9.28
??,2025-07,36.99,57,1.0,22.97,38.87,5.46,8.85
??,2025-08,38.92,58,1.0,24.16,40.83,6.61,9.21
??,2025-09,45.36,66,1.0,28.09,47.56,5.13,10.47
??,2025-10,53.43,75,1.0,33.11,56.15,6.78,12.17
??,2025-11,61.28,84,1.0,38.06,64.32,8.39,13.77
??,2025-12,67.7,89,1.0,41.98,71.05,6.94,15.15
??,2025-01,58.36,75,1.0,36.19,61.26,7.16,13.19
??,2025-02,56.43,73,1.0,34.99,59.28,8.0,12.77
??,2025-03,51.35,71,1.0,31.82,53.9,5.6,11.71
??,2025-04,44.62,62,1.0,27.66,46.86,6.08,10.33
??,2025-05,37.59,55,1.0,23.3,39.45,6.51,8.99
??,2025-06,32.37,51,1.0,20.07,33.99,4.08,8.16
??,2025-07,30.64,47,1.0,18.98,32.19,4.95,7.89
??,2025-08,32.21,50,1.0,19.99,33.8,6.07,8.14
??,2025-09,37.59,57,1.0,23.28,39.47,4.51,8.98
??,2025-10,44.54,64,1.0,27.61,46.77,6.07,10.31
??,2025-11,51.21,70,1.0,31.75,53.75,7.6,11.69
??,2025-12,56.57,75,1.0,35.07,59.4,6.03,12.81
??,2025-01,54.45,71,1.0,33.76,57.16,6.85,12.37
??,2025-02,52.52,71,1.0,32.57,55.16,7.7,11.97
??,2025-03,47.44,66,1.0,29.41,49.81,5.29,10.9
??,2025-04,40.73,59,1.0,25.26,42.76,5.77,9.53
??,2025-05,33.69,52,1.0,20.89,35.37,6.18,8.25
??,2025-06,28.54,47,1.0,17.69,29.98,3.78,7.53
??,2025-07,26.84,44,1.0,16.63,28.2,4.64,7.34
??,2025-08,28.38,46,1.0,17.62,29.77,5.77,7.52
??,2025-09,33.68,53,1.0,20.87,35.39,4.19,8.23
??,2025-10,40.65,60,1.0,25.21,42.65,5.76,9.5
??,2025-11,47.29,66,1.0,29.31,49.64,7.29,10.86
??,2025-12,52.7,70,1.0,32.66,55.33,5.71,12.01
????,2025-01,121.74,145,0.0,75.49,127.81,12.24,26.51
????,2025-02,119.07,99,0.0022,73.81,125.0,13.03,25.93
????,2025-03,112.18,99,0.0847,69.55,117.8,10.48,24.49
????,2025-04,103.07,99,0.3903,63.9,108.22,10.75,22.56
????,2025-05,93.43,99,0.7883,57.92,98.08,10.98,20.56
????,2025-06,86.4,99,0.9632,53.56,90.73,8.42,19.08
????,2025-07,84.03,99,0.9866,52.12,88.23,9.22,18.58
????,2025-08,86.17,99,0.9543,53.41,90.46,10.38,19.03
????,2025-09,93.47,99,0.7917,57.94,98.18,8.97,20.56
????,2025-10,102.96,99,0.3911,63.85,108.1,10.73,22.55
????,2025-11,111.98,99,0.0868,69.45,117.55,12.45,24.45
????,2025-12,119.25,99,0.0047,73.91,125.24,11.03,25.98
??,2025-01,63.07,80,1.0,39.08,66.19,7.56,14.18
??,2025-02,61.11,78,1.0,37.92,64.19,8.38,13.76
??,2025-03,56.02,75,1.0,34.73,58.82,5.98,12.69
??,2025-04,49.31,69,1.0,30.58,51.78,6.45,11.29
??,2025-05,42.26,59,1.0,26.18,44.35,6.9,9.9
??,2025-06,37.05,55,1.0,22.98,38.94,4.47,9.0
??,2025-07,35.3,52,1.0,21.88,37.07,5.32,8.73
??,2025-08,36.93,56,1.0,22.92,38.74,6.44,9.0
??,2025-09,42.23,62,1.0,26.16,44.38,4.89,9.92
??,2025-10,49.23,69,1.0,30.54,51.67,6.45,11.29
??,2025-11,55.86,73,1.0,34.64,58.64,7.96,12.66
??,2025-12,61.27,80,1.0,37.99,64.34,6.39,13.82
??,2025-01,110.09,99,0.1196,68.28,115.61,11.29,24.06
??,2025-02,107.42,99,0.2098,66.58,112.8,12.09,23.49
??,2025-03,100.51,99,0.506,62.31,105.51,9.54,22.05
??,2025-04,91.38,99,0.8528,56.65,95.94,9.83,20.12
??,2025-05,81.84,99,0.9866,50.77,85.95,10.03,18.12
??,2025-06,74.75,99,1.0,46.34,78.46,7.48,16.64
??,2025-07,72.33,95,1.0,44.82,75.94,8.29,16.12
??,2025-08,74.57,97,1.0,46.25,78.28,9.47,16.6
??,2025-09,81.78,99,0.9868,50.69,85.87,8.04,18.12
??,2025-10,91.26,99,0.8448,56.59,95.84,9.8,20.08
??,2025-11,100.35,99,0.5063,62.24,105.35,11.53,22.0
??,2025-12,107.59,99,0.2097,66.69,112.96,10.1,23.53
??,2025-01,112.8,99,0.1001,69.96,118.49,11.53,24.62
??,2025-02,110.26,99,0.1421,68.46,115.85,12.33,24.09
??,2025-03,102.67,99,0.4106,63.67,107.78,9.72,22.47
??,2025-04,92.71,99,0.809,57.42,97.35,9.93,20.42
??,2025-05,82.72,99,0.9711,51.3,86.87,10.11,18.31
??,2025-06,75.0,99,0.9986,46.41,78.65,7.48,16.66
??,2025-07,72.63,97,1.0,45.06,76.32,8.29,16.19
??,2025-08,74.98,99,1.0,46.52,78.73,9.49,16.69
??,2025-09,82.67,99,0.9875,51.18,86.66,8.11,18.26
??,2025-10,92.76,99,0.789,57.52,97.43,9.89,20.44
??,2025-11,102.59,99,0.4271,63.63,107.58,11.72,22.44
??,2025-12,110.16,99,0.1411,68.26,115.67,10.31,24.07
??,2025-01,81.73,99,0.9993,50.7,85.78,9.05,18.11
??,2025-02,79.52,97,0.9985,49.3,83.45,9.85,17.64
??,2025-03,73.47,95,1.0,45.53,77.15,7.38,16.38
??,2025-04,65.41,88,1.0,40.56,68.77,7.73,14.67
??,2025-05,57.2,78,1.0,35.49,60.03,8.06,12.93
??,2025-06,51.17,73,1.0,31.7,53.7,5.59,11.7
??,2025-07,48.97,69,1.0,30.35,51.48,6.41,11.23
??,2025-08,50.83,71,1.0,31.52,53.38,7.58,11.61
??,2025-09,57.23,79,1.0,35.52,60.03,6.07,12.93
??,2025-10,65.44,87,1.0,40.56,68.69,7.74,14.69
??,2025-11,73.18,96,1.0,45.36,76.92,9.36,16.31
??,2025-12,79.59,99,1.0,49.36,83.57,7.88,17.64
??,2025-01,54.48,71,1.0,33.78,57.19,6.86,12.39
??,2025-02,52.52,69,1.0,32.58,55.17,7.69,11.96
??,2025-03,47.42,66,1.0,29.4,49.79,5.3,10.91
??,2025-04,40.78,59,1.0,25.29,42.78,5.78,9.64
??,2025-05,33.64,52,1.0,20.84,35.33,6.2,8.49
??,2025-06,28.58,46,1.0,17.73,30.0,3.78,7.84
??,2025-07,26.82,44,1.0,16.63,28.19,4.63,7.61
??,2025-08,28.43,46,1.0,17.62,29.79,5.77,7.83
??,2025-09,33.66,52,1.0,20.86,35.41,4.18,8.48
??,2025-10,40.64,59,1.0,25.2,42.65,5.76,9.63
??,2025-11,47.27,66,1.0,29.33,49.65,7.29,10.86
??,2025-12,52.7,70,1.0,32.65,55.31,5.72,12.01
??,2025-01,75.3,95,1.0,46.67,79.09,8.53,16.77
??,2025-02,73.03,94,1.0,45.27,76.7,9.34,16.26
??,2025-03,67.02,88,1.0,41.54,70.38,6.86,15.0
??,2025-04,59.07,81,1.0,36.62,62.0,7.2,13.33
??,2025-05,50.72,73,1.0,31.45,53.21,7.54,11.59
??,2025-06,44.63,64,1.0,27.67,46.88,5.08,10.34
??,2025-07,42.58,62,1.0,26.39,44.75,5.91,9.94
??,2025-08,44.48,65,1.0,27.57,46.7,7.06,10.3
??,2025-09,50.74,72,1.0,31.46,53.28,5.56,11.59
??,2025-10,58.93,81,1.0,36.55,61.84,7.21,13.3
??,2025-11,66.83,87,1.0,41.45,70.14,8.86,14.96
??,2025-12,73.2,94,1.0,45.37,76.91,7.36,16.32
??,2025-01,55.97,76,1.0,34.71,58.78,6.99,12.69
??,2025-02,53.72,74,1.0,33.27,56.45,7.78,12.2
??,2025-03,47.66,68,1.0,29.56,50.04,5.32,10.95
??,2025-04,39.71,61,1.0,24.65,41.63,5.67,9.44
??,2025-05,31.48,54,1.0,19.52,33.05,6.01,8.2
??,2025-06,25.86,46,1.0,16.02,27.2,3.54,7.46
??,2025-07,24.15,43,1.0,14.95,25.4,4.35,7.26
??,2025-08,25.65,46,1.0,15.93,26.9,5.51,7.43
??,2025-09,31.43,50,1.0,19.49,32.97,4.01,8.18
??,2025-10,39.65,61,1.0,24.6,41.62,5.67,9.45
??,2025-11,47.56,70,1.0,29.47,49.96,7.33,10.95
??,2025-12,53.86,75,1.0,33.37,56.59,5.81,12.24
??,2025-01,78.97,99,1.0,48.97,82.9,8.8,17.53
??,2025-02,76.67,98,1.0,47.51,80.58,9.63,17.03
??,2025-03,70.64,93,1.0,43.82,74.14,7.16,15.77
??,2025-04,62.82,86,1.0,38.95,65.94,7.52,14.14
??,2025-05,54.46,75,1.0,33.75,57.19,7.85,12.38
??,2025-06,48.25,68,1.0,29.93,50.71,5.35,11.09
??,2025-07,46.21,66,1.0,28.66,48.48,6.19,10.67
??,2025-08,48.14,68,1.0,29.86,50.5,7.34,11.08
??,2025-09,54.51,77,1.0,33.75,57.29,5.85,12.4
??,2025-10,62.64,85,1.0,38.84,65.8,7.51,14.08
??,2025-11,70.46,94,1.0,43.73,73.91,9.15,15.7
??,2025-12,76.87,97,1.0,47.66,80.69,7.65,17.08
????,2025-01,103.76,99,0.3569,64.36,108.92,10.79,22.7
????,2025-02,101.09,99,0.4747,62.63,106.05,11.59,22.17
????,2025-03,93.54,99,0.7661,57.98,98.25,8.99,20.58
????,2025-04,83.93,99,0.9597,52.1,88.09,9.21,18.52
????,2025-05,73.67,98,1.0,45.65,77.33,9.41,16.4
????,2025-06,65.96,91,1.0,40.87,69.41,6.78,14.79
????,2025-07,63.59,88,1.0,39.44,66.75,7.59,14.28
????,2025-08,65.95,90,1.0,40.93,69.18,8.77,14.76
????,2025-09,73.62,99,0.9986,45.56,77.34,7.4,16.43
????,2025-10,83.71,99,0.9765,51.92,87.94,9.2,18.51
????,2025-11,93.55,99,0.7674,58.02,98.08,10.97,20.54
????,2025-12,101.16,99,0.4731,62.69,106.24,9.6,22.19
???,2025-01,98.83,99,0.5914,61.28,103.75,10.4,21.69
???,2025-02,96.32,99,0.7009,59.73,101.15,11.2,21.17
???,2025-03,89.83,99,0.9066,55.69,94.32,8.69,19.81
???,2025-04,81.23,99,0.9938,50.37,85.28,8.99,17.99
???,2025-05,72.14,95,1.0,44.73,75.76,9.28,16.1
???,2025-06,65.51,88,1.0,40.59,68.81,6.74,14.69
???,2025-07,63.28,84,1.0,39.24,66.43,7.57,14.23
???,2025-08,65.29,88,1.0,40.47,68.56,8.73,14.64
???,2025-09,72.19,97,1.0,44.75,75.82,7.28,16.09
???,2025-10,81.11,99,0.9946,50.29,85.15,8.98,17.98
???,2025-11,89.64,99,0.9132,55.59,94.11,10.67,19.76
???,2025-12,96.53,99,0.6929,59.84,101.38,9.22,21.2
???,2025-01,90.97,99,0.8938,56.4,95.52,9.77,20.04
???,2025-02,88.35,99,0.9249,54.79,92.79,10.56,19.48
???,2025-03,81.42,99,0.9886,50.49,85.47,8.02,18.03
???,2025-04,72.31,94,1.0,44.83,75.91,8.29,16.11
???,2025-05,62.72,87,1.0,38.9,65.86,8.51,14.1
???,2025-06,55.68,81,1.0,34.51,58.49,5.95,12.63
???,2025-07,53.28,77,1.0,33.04,55.95,6.75,12.13
???,2025-08,55.44,79,1.0,34.37,58.19,7.92,12.58
???,2025-09,62.71,90,1.0,38.88,65.87,6.52,14.1
???,2025-10,72.18,99,1.0,44.75,75.78,8.28,16.09
???,2025-11,81.27,99,0.9993,50.41,85.31,10.0,17.99
???,2025-12,88.57,99,0.9267,54.91,93.02,8.59,19.55
??,2025-01,48.86,67,1.0,30.3,51.31,6.42,11.2
??,2025-02,46.74,66,1.0,28.96,49.06,7.24,10.74
??,2025-03,41.15,60,1.0,25.52,43.21,4.8,9.64
??,2025-04,33.73,54,1.0,20.91,35.41,5.19,8.3
??,2025-05,26.32,46,1.0,16.3,27.62,5.57,7.36
??,2025-06,21.93,41,1.0,13.58,23.04,3.13,6.92
??,2025-07,20.77,37,1.0,12.88,21.82,4.0,6.82
??,2025-08,21.83,39,1.0,13.56,22.92,5.13,6.91
??,2025-09,26.29,45,1.0,16.27,27.63,3.58,7.34
??,2025-10,33.65,55,1.0,20.86,35.32,5.18,8.3
??,2025-11,40.98,61,1.0,25.4,43.0,6.79,9.59
??,2025-12,46.88,67,1.0,29.06,49.23,5.24,10.79
??,2025-01,70.84,93,1.0,43.93,74.38,8.17,15.82
??,2025-02,68.35,92,1.0,42.36,71.77,8.97,15.29
??,2025-03,61.8,85,1.0,38.31,64.91,6.44,13.91
??,2025-04,53.23,76,1.0,33.02,55.89,6.76,12.12
??,2025-05,44.2,68,1.0,27.42,46.38,7.03,10.33
??,2025-06,37.51,58,1.0,23.25,39.4,4.49,9.19
??,2025-07,35.21,57,1.0,21.82,37.0,5.3,8.82
??,2025-08,37.35,60,1.0,23.18,39.18,6.5,9.15
??,2025-09,44.18,69,1.0,27.39,46.42,5.04,10.31
??,2025-10,53.08,78,1.0,32.9,55.75,6.75,12.08
??,2025-11,61.64,86,1.0,38.23,64.7,8.43,13.87
??,2025-12,68.55,90,1.0,42.5,71.97,7.0,15.34
??,2025-01,108.27,99,0.213,67.15,113.73,11.18,23.66
??,2025-02,105.55,99,0.2969,65.46,110.85,11.93,23.1
??,2025-03,98.16,99,0.5988,60.87,103.05,9.37,21.53
??,2025-04,88.27,99,0.9056,54.65,92.6,9.58,19.45
??,2025-05,78.17,99,0.994,48.49,82.1,9.76,17.36
??,2025-06,70.75,97,1.0,43.84,74.15,7.13,15.75
??,2025-07,68.04,93,1.0,42.18,71.47,7.97,15.23
??,2025-08,70.38,96,1.0,43.65,73.94,9.12,15.74
??,2025-09,78.38,99,0.9931,48.62,82.23,7.73,17.37
??,2025-10,88.21,99,0.9005,54.68,92.62,9.56,19.47
??,2025-11,98.02,99,0.6139,60.87,102.98,11.39,21.52
??,2025-12,105.69,99,0.3091,65.51,110.95,9.97,23.13
??,2025-01,124.11,148,0.0,76.97,130.31,12.44,26.98
??,2025-02,121.33,99,0.0045,75.16,127.33,13.21,26.42
??,2025-03,113.88,99,0.0665,70.62,119.61,10.62,24.87
??,2025-04,104.4,99,0.3382,64.74,109.48,10.84,22.82
??,2025-05,93.95,99,0.7634,58.24,98.66,11.04,20.67
??,2025-06,86.42,99,0.9354,53.64,90.83,8.42,19.07
??,2025-07,83.94,99,0.9778,52.04,88.11,9.22,18.55
??,2025-08,86.26,99,0.957,53.48,90.51,10.39,19.04
??,2025-09,93.82,99,0.7743,58.15,98.67,9.0,20.66
??,2025-10,104.12,99,0.3622,64.57,109.31,10.83,22.77
??,2025-11,113.72,99,0.0701,70.44,119.35,12.6,24.82
??,2025-12,121.48,147,0.0027,75.32,127.6,11.22,26.45
??,2025-01,67.01,87,1.0,41.56,70.33,7.86,15.01
??,2025-02,64.69,85,1.0,40.1,67.97,8.68,14.51
??,2025-03,58.72,80,1.0,36.42,61.61,6.2,13.26
??,2025-04,50.89,73,1.0,31.52,53.46,6.56,11.65
??,2025-05,42.45,62,1.0,26.32,44.59,6.9,9.97
??,2025-06,36.28,57,1.0,22.54,38.04,4.4,8.92
??,2025-07,34.31,54,1.0,21.27,36.01,5.24,8.65
??,2025-08,36.23,58,1.0,22.47,38.03,6.4,8.95
??,2025-09,42.47,63,1.0,26.29,44.69,4.9,10.0
??,2025-10,50.66,74,1.0,31.42,53.18,6.54,11.59
??,2025-11,58.59,81,1.0,36.34,61.44,8.18,13.24
??,2025-12,64.93,86,1.0,40.23,68.21,6.71,14.59
??,2025-01,77.34,99,1.0,47.95,81.2,8.69,17.18
??,2025-02,74.81,98,1.0,46.37,78.58,9.48,16.65
??,2025-03,68.13,93,1.0,42.25,71.53,6.95,15.25
??,2025-04,59.4,83,1.0,36.83,62.38,7.26,13.4
??,2025-05,50.13,74,1.0,31.09,52.62,7.51,11.48
??,2025-06,43.38,68,1.0,26.88,45.57,4.98,10.17
??,2025-07,41.05,63,1.0,25.46,43.09,5.78,9.74
??,2025-08,43.19,66,1.0,26.77,45.34,6.96,10.16
??,2025-09,50.13,75,1.0,31.07,52.67,5.52,11.47
??,2025-10,59.28,85,1.0,36.73,62.26,7.24,13.39
??,2025-11,67.95,92,1.0,42.15,71.32,8.94,15.18
??,2025-12,75.01,98,1.0,46.48,78.79,7.5,16.69
??,2025-01,99.44,99,0.5504,61.66,104.42,10.46,21.83
??,2025-02,96.83,99,0.6659,60.04,101.67,11.24,21.27
??,2025-03,89.93,99,0.8918,55.76,94.42,8.69,19.81
??,2025-04,80.8,99,0.9938,50.11,84.82,8.95,17.89
??,2025-05,71.19,96,1.0,44.13,74.73,9.19,15.89
??,2025-06,64.14,89,1.0,39.76,67.36,6.63,14.41
??,2025-07,61.75,85,1.0,38.29,64.85,7.44,13.89
??,2025-08,63.95,88,1.0,39.65,67.12,8.62,14.36
??,2025-09,71.2,96,1.0,44.12,74.78,7.2,15.88
??,2025-10,80.66,99,0.9953,50.0,84.69,8.95,17.87
??,2025-11,89.71,99,0.891,55.65,94.17,10.67,19.78
??,2025-12,97.03,99,0.6579,60.16,101.92,9.26,21.32
??,2025-01,76.22,96,1.0,47.26,80.05,8.6,16.91
??,2025-02,73.91,95,1.0,45.81,77.61,9.41,16.44
??,2025-03,67.89,90,1.0,42.09,71.27,6.94,15.19
??,2025-04,59.99,83,1.0,37.19,63.0,7.3,13.52
??,2025-05,51.71,74,1.0,32.04,54.28,7.63,11.8
??,2025-06,45.53,67,1.0,28.24,47.82,5.15,10.51
??,2025-07,43.47,64,1.0,26.94,45.67,5.99,10.08
??,2025-08,45.38,66,1.0,28.15,47.6,7.14,10.48
??,2025-09,51.66,73,1.0,32.02,54.28,5.63,11.79
??,2025-10,59.91,83,1.0,37.15,62.93,7.29,13.51
??,2025-11,67.75,91,1.0,42.03,71.09,8.93,15.15
??,2025-12,74.06,95,1.0,45.9,77.78,7.42,16.48
??,2025-01,56.04,73,1.0,34.72,58.83,6.98,12.69
??,2025-02,54.09,72,1.0,33.54,56.79,7.83,12.3
??,2025-03,49.02,67,1.0,30.41,51.43,5.41,11.23
??,2025-04,42.3,60,1.0,26.23,44.41,5.9,9.85
??,2025-05,35.22,53,1.0,21.84,36.97,6.31,8.56
??,2025-06,30.07,49,1.0,18.63,31.6,3.9,7.78
??,2025-07,28.3,45,1.0,17.56,29.74,4.76,7.56
??,2025-08,29.93,48,1.0,18.55,31.44,5.88,7.77
??,2025-09,35.23,55,1.0,21.83,37.01,4.31,8.55
??,2025-10,42.23,60,1.0,26.17,44.33,5.89,9.83
??,2025-11,48.82,68,1.0,30.28,51.26,7.4,11.19
??,2025-12,54.27,72,1.0,33.63,56.96,5.84,12.33
??,2025-01,52.12,68,1.0,32.32,54.72,6.67,11.88
??,2025-02,50.2,68,1.0,31.13,52.69,7.52,11.49
??,2025-03,45.1,64,1.0,27.96,47.35,5.13,10.4
??,2025-04,38.4,58,1.0,23.8,40.32,5.58,9.02
??,2025-05,31.34,50,1.0,19.43,32.91,6.0,7.82
??,2025-06,26.35,45,1.0,16.33,27.66,3.59,7.19
??,2025-07,24.76,41,1.0,15.35,26.02,4.46,7.05
??,2025-08,26.2,44,1.0,16.26,27.47,5.58,7.19
??,2025-09,31.34,50,1.0,19.43,32.93,4.0,7.81
??,2025-10,38.31,58,1.0,23.75,40.21,5.56,9.02
??,2025-11,44.97,64,1.0,27.9,47.2,7.11,10.37
??,2025-12,50.33,68,1.0,31.18,52.85,5.52,11.51
??,2025-01,87.6,99,0.9765,54.33,91.99,9.5,19.32
??,2025-02,85.4,99,0.994,52.93,89.64,10.31,18.86
??,2025-03,79.87,99,0.9987,49.55,83.88,7.88,17.69
??,2025-04,72.4,92,1.0,44.88,76.0,8.29,16.13
??,2025-05,64.67,85,1.0,40.11,67.91,8.68,14.53
??,2025-06,58.9,76,1.0,36.51,61.88,6.21,13.32
??,2025-07,56.99,76,1.0,35.32,59.83,7.06,12.91
??,2025-08,58.75,77,1.0,36.46,61.69,8.18,13.25
??,2025-09,64.63,84,1.0,40.03,67.84,6.69,14.51
??,2025-10,72.36,93,1.0,44.88,76.0,8.3,16.13
??,2025-11,79.64,99,1.0,49.37,83.59,9.87,17.66
??,2025-12,85.63,99,0.9892,53.08,89.93,8.34,18.9
??,2025-01,46.31,65,1.0,28.73,48.67,6.22,10.65
??,2025-02,44.16,64,1.0,27.37,46.36,7.03,10.2
??,2025-03,38.5,58,1.0,23.86,40.41,4.58,9.06
??,2025-04,31.22,50,1.0,19.38,32.82,4.99,7.76
??,2025-05,24.18,44,1.0,14.99,25.36,5.37,6.99
??,2025-06,20.46,36,1.0,12.67,21.5,2.97,6.78
??,2025-07,19.67,34,1.0,12.21,20.68,3.85,6.72
??,2025-08,20.42,36,1.0,12.66,21.4,4.95,6.77
??,2025-09,24.15,43,1.0,14.98,25.4,3.38,6.99
??,2025-10,31.1,53,1.0,19.28,32.65,4.98,7.75
??,2025-11,38.38,60,1.0,23.8,40.26,6.56,9.02
??,2025-12,44.35,62,1.0,27.5,46.61,5.05,10.23
??,2025-01,72.53,92,1.0,44.96,76.16,8.3,16.14
??,2025-02,70.23,92,1.0,43.54,73.76,9.12,15.69
??,2025-03,64.24,85,1.0,39.84,67.44,6.64,14.42
??,2025-04,56.3,79,1.0,34.92,59.13,6.99,12.76
??,2025-05,48.01,70,1.0,29.75,50.4,7.34,11.0
??,2025-06,41.87,63,1.0,25.98,43.95,4.86,9.73
??,2025-07,39.77,60,1.0,24.66,41.79,5.69,9.33
??,2025-08,41.71,63,1.0,25.87,43.78,6.85,9.72
??,2025-09,48.0,69,1.0,29.75,50.4,5.35,11.02
??,2025-10,56.2,78,1.0,34.84,59.03,6.99,12.74
??,2025-11,64.09,85,1.0,39.74,67.28,8.62,14.38
??,2025-12,70.4,91,1.0,43.66,73.92,7.14,15.72
??,2025-01,53.19,70,1.0,32.99,55.86,6.75,12.1
??,2025-02,51.02,71,1.0,31.62,53.56,7.58,11.65
??,2025-03,45.41,63,1.0,28.16,47.67,5.15,10.48
??,2025-04,38.05,55,1.0,23.6,39.98,5.55,8.95
??,2025-05,30.27,51,1.0,18.76,31.74,5.91,7.62
??,2025-06,24.99,38,1.0,15.51,26.29,3.45,7.12
??,2025-07,23.65,41,1.0,14.67,24.86,4.29,6.93
??,2025-08,24.85,41,1.0,15.41,26.07,5.43,7.01
??,2025-09,30.32,52,1.0,18.79,31.88,3.91,7.67
??,2025-10,37.9,55,1.0,23.49,39.77,5.53,8.94
??,2025-11,45.31,59,1.0,28.12,47.57,7.14,10.44
??,2025-12,51.18,70,1.0,31.72,53.75,5.6,11.69
??,2025-01,73.45,93,1.0,45.56,77.08,8.36,16.35
??,2025-02,71.16,92,1.0,44.11,74.72,9.21,15.87
??,2025-03,65.21,88,1.0,40.42,68.45,6.73,14.63
??,2025-04,57.23,80,1.0,35.46,60.17,7.07,12.97
??,2025-05,48.88,70,1.0,30.32,51.31,7.41,11.21
??,2025-06,42.83,64,1.0,26.58,44.9,4.94,10.0
??,2025-07,40.73,61,1.0,25.22,42.79,5.76,9.64
??,2025-08,42.6,63,1.0,26.41,44.74,6.93,9.97
??,2025-09,48.82,71,1.0,30.29,51.3,5.41,11.18
??,2025-10,57.15,81,1.0,35.44,59.98,7.06,12.93
??,2025-11,65.07,88,1.0,40.31,68.35,8.71,14.62
??,2025-12,71.3,91,1.0,44.2,74.91,7.22,15.91
??,2025-01,89.57,99,0.9187,55.53,94.03,9.68,19.74
??,2025-02,87.05,99,0.9613,53.96,91.42,10.46,19.23
??,2025-03,80.42,99,0.994,49.89,84.42,7.94,17.82
??,2025-04,71.61,95,1.0,44.41,75.21,8.23,15.96
??,2025-05,62.42,86,1.0,38.71,65.55,8.5,14.04
??,2025-06,55.59,80,1.0,34.46,58.39,5.94,12.61
??,2025-07,53.31,76,1.0,33.06,55.97,6.76,12.12
??,2025-08,55.4,80,1.0,34.34,58.15,7.92,12.58
??,2025-09,62.41,86,1.0,38.7,65.54,6.48,14.03
??,2025-10,71.49,97,1.0,44.32,75.09,8.22,15.96
??,2025-11,80.23,99,0.9951,49.76,84.21,9.91,17.77
??,2025-12,87.24,99,0.9516,54.09,91.63,8.47,19.26
??,2025-01,48.99,66,1.0,30.4,51.44,6.41,11.23
??,2025-02,47.09,65,1.0,29.18,49.43,7.28,10.82
??,2025-03,41.97,61,1.0,26.02,44.08,4.88,9.75
??,2025-04,35.28,55,1.0,21.87,37.04,5.31,8.41
??,2025-05,28.31,47,1.0,17.55,29.71,5.76,7.36
??,2025-06,23.65,42,1.0,14.66,24.84,3.34,6.93
??,2025-07,22.34,38,1.0,13.86,23.46,4.2,6.87
??,2025-08,23.57,40,1.0,14.63,24.72,5.33,6.93
??,2025-09,28.3,47,1.0,17.54,29.74,3.75,7.35
??,2025-10,35.17,54,1.0,21.8,36.95,5.3,8.42
??,2025-11,41.85,60,1.0,25.96,43.92,6.86,9.72
??,2025-12,47.22,65,1.0,29.27,49.61,5.28,10.86
??,2025-01,91.64,99,0.8723,56.81,96.25,9.82,20.18
??,2025-02,89.11,99,0.9204,55.26,93.53,10.63,19.64
??,2025-03,82.39,99,0.9933,51.08,86.5,8.08,18.24
??,2025-04,73.68,98,1.0,45.69,77.35,8.38,16.4
??,2025-05,64.43,88,1.0,39.94,67.69,8.66,14.47
??,2025-06,57.63,80,1.0,35.73,60.52,6.12,13.04
??,2025-07,55.38,78,1.0,34.31,58.16,6.93,12.55
??,2025-08,57.44,81,1.0,35.65,60.24,8.09,13.01
??,2025-09,64.44,90,1.0,39.94,67.68,6.66,14.47
??,2025-10,73.51,98,1.0,45.6,77.18,8.39,16.4
??,2025-11,82.27,99,0.9896,51.01,86.37,10.08,18.21
??,2025-12,89.26,99,0.9194,55.33,93.77,8.65,19.67
??,2025-01,96.84,99,0.6788,60.06,101.65,10.25,21.28
??,2025-02,94.34,99,0.7835,58.49,99.07,11.06,20.74
??,2025-03,87.8,99,0.9489,54.44,92.22,8.53,19.37
??,2025-04,79.23,99,0.9986,49.13,83.2,8.85,17.56
??,2025-05,70.19,94,1.0,43.52,73.67,9.11,15.69
??,2025-06,63.5,86,1.0,39.37,66.7,6.58,14.26
??,2025-07,61.24,83,1.0,37.97,64.35,7.39,13.78
??,2025-08,63.32,86,1.0,39.27,66.45,8.57,14.25
??,2025-09,70.18,95,1.0,43.49,73.71,7.11,15.68
??,2025-10,79.1,99,0.9966,49.05,83.09,8.82,17.53
??,2025-11,87.65,99,0.9458,54.35,92.01,10.5,19.34
??,2025-12,94.54,99,0.7634,58.61,99.25,9.07,20.78
??,2025-01,62.38,82,1.0,38.67,65.52,7.5,14.04
??,2025-02,60.1,80,1.0,37.26,63.1,8.31,13.56
??,2025-03,54.13,75,1.0,33.55,56.86,5.82,12.31
??,2025-04,46.19,68,1.0,28.64,48.47,6.19,10.64
??,2025-05,37.89,60,1.0,23.49,39.79,6.53,9.1
??,2025-06,31.78,54,1.0,19.72,33.39,4.05,8.14
??,2025-07,29.74,50,1.0,18.43,31.24,4.86,7.86
??,2025-08,31.63,54,1.0,19.6,33.2,6.02,8.1
??,2025-09,37.86,61,1.0,23.46,39.75,4.53,9.06
??,2025-10,46.11,70,1.0,28.58,48.44,6.19,10.63
??,2025-11,53.94,76,1.0,33.45,56.61,7.82,12.26
??,2025-12,60.31,81,1.0,37.37,63.36,6.31,13.6
??,2025-01,108.95,99,0.1411,67.55,114.38,11.21,23.82
??,2025-02,106.43,99,0.2329,65.98,111.77,12.01,23.29
??,2025-03,99.75,99,0.5397,61.85,104.74,9.49,21.89
??,2025-04,91.02,99,0.8708,56.43,95.58,9.78,20.05
??,2025-05,81.74,99,0.9913,50.7,85.82,10.02,18.08
??,2025-06,75.0,99,1.0,46.49,78.75,7.5,16.68
??,2025-07,72.66,95,1.0,45.08,76.31,8.3,16.18
??,2025-08,74.79,98,1.0,46.39,78.5,9.49,16.63
??,2025-09,81.78,99,0.9924,50.67,85.9,8.03,18.1
??,2025-10,90.89,99,0.8696,56.37,95.43,9.77,20.01
??,2025-11,99.61,99,0.5465,61.77,104.57,11.47,21.85
??,2025-12,106.62,99,0.2224,66.1,111.95,10.03,23.32
??,2025-01,97.38,99,0.6667,60.36,102.29,10.29,21.39
??,2025-02,95.08,99,0.7872,58.95,99.81,11.13,20.91
??,2025-03,89.11,99,0.918,55.23,93.6,8.63,19.64
??,2025-04,81.19,99,0.9972,50.32,85.25,9.0,17.97
??,2025-05,72.81,96,1.0,45.15,76.41,9.32,16.22
??,2025-06,66.69,85,1.0,41.34,70.04,6.86,14.95
??,2025-07,64.62,85,1.0,40.06,67.86,7.68,14.5
??,2025-08,66.57,88,1.0,41.26,69.91,8.82,14.93
??,2025-09,72.87,95,1.0,45.15,76.56,7.33,16.22
??,2025-10,81.06,99,0.996,50.25,85.1,8.96,17.96
??,2025-11,88.88,99,0.9431,55.13,93.28,10.6,19.6
??,2025-12,95.21,99,0.748,59.05,99.95,9.11,20.94
??,2025-01,43.57,60,1.0,27.02,45.73,6.0,10.14
??,2025-02,41.61,59,1.0,25.8,43.71,6.84,9.76
??,2025-03,36.51,54,1.0,22.64,38.35,4.42,8.89
??,2025-04,29.87,48,1.0,18.51,31.33,4.88,7.96
??,2025-05,23.51,40,1.0,14.59,24.72,5.32,7.19
??,2025-06,20.23,34,1.0,12.52,21.23,2.95,6.85
??,2025-07,19.45,32,1.0,12.08,20.47,3.84,6.73
??,2025-08,20.14,35,1.0,12.49,21.11,4.94,6.83
??,2025-09,23.52,42,1.0,14.59,24.72,3.31,7.21
??,2025-10,29.73,49,1.0,18.42,31.21,4.87,7.95
??,2025-11,36.41,56,1.0,22.6,38.2,6.4,8.87
??,2025-12,41.72,59,1.0,25.84,43.82,4.86,9.78
??,2025-01,52.92,69,1.0,32.8,55.55,6.74,12.03
??,2025-02,50.95,68,1.0,31.6,53.51,7.57,11.63
??,2025-03,45.9,64,1.0,28.46,48.15,5.17,10.6
??,2025-04,39.16,58,1.0,24.27,41.12,5.65,9.27
??,2025-05,32.14,51,1.0,19.93,33.71,6.06,8.2
??,2025-06,27.06,46,1.0,16.76,28.45,3.66,7.54
??,2025-07,25.43,42,1.0,15.78,26.69,4.51,7.34
??,2025-08,26.89,44,1.0,16.68,28.24,5.62,7.53
??,2025-09,32.14,51,1.0,19.92,33.74,4.08,8.17
??,2025-10,39.06,57,1.0,24.21,41.04,5.63,9.25
??,2025-11,45.74,63,1.0,28.37,47.99,7.17,10.56
??,2025-12,51.12,69,1.0,31.68,53.7,5.58,11.65
??,2025-01,63.34,82,1.0,39.26,66.52,7.58,14.23
??,2025-02,61.05,79,1.0,37.86,64.1,8.38,13.76
??,2025-03,55.02,77,1.0,34.12,57.74,5.9,12.51
??,2025-04,47.14,70,1.0,29.21,49.51,6.28,10.82
??,2025-05,38.79,61,1.0,24.07,40.7,6.6,9.11
??,2025-06,32.67,54,1.0,20.25,34.33,4.11,8.0
??,2025-07,30.66,50,1.0,19.01,32.2,4.94,7.67
??,2025-08,32.5,54,1.0,20.16,34.08,6.09,7.98
??,2025-09,38.81,62,1.0,24.05,40.79,4.6,9.12
??,2025-10,47.03,68,1.0,29.17,49.37,6.27,10.8
??,2025-11,54.85,73,1.0,34.0,57.58,7.89,12.45
??,2025-12,61.22,82,1.0,37.94,64.31,6.39,13.78
??,2025-01,88.14,99,0.9644,54.64,92.55,9.55,19.45
??,2025-02,85.88,99,0.9844,53.24,90.17,10.37,18.97
??,2025-03,79.87,99,0.9993,49.52,83.87,7.89,17.7
??,2025-04,71.97,94,1.0,44.61,75.55,8.27,16.04
??,2025-05,63.63,85,1.0,39.46,66.81,8.6,14.3
??,2025-06,57.52,80,1.0,35.65,60.38,6.09,13.03
??,2025-07,55.45,76,1.0,34.37,58.26,6.94,12.58
??,2025-08,57.31,79,1.0,35.54,60.13,8.07,12.95
??,2025-09,63.67,85,1.0,39.46,66.89,6.59,14.31
??,2025-10,71.83,95,1.0,44.54,75.4,8.25,16.01
??,2025-11,79.74,99,0.9986,49.46,83.71,9.87,17.68
??,2025-12,86.04,99,0.9798,53.35,90.33,8.37,19.0
??,2025-01,71.6,91,1.0,44.38,75.18,8.23,15.98
??,2025-02,69.31,89,1.0,42.98,72.76,9.06,15.49
??,2025-03,63.32,85,1.0,39.25,66.5,6.57,14.23
??,2025-04,55.39,78,1.0,34.36,58.13,6.93,12.57
??,2025-05,47.09,69,1.0,29.19,49.47,7.27,10.86
??,2025-06,40.93,63,1.0,25.39,42.96,4.78,9.67
??,2025-07,38.9,59,1.0,24.12,40.88,5.63,9.3
??,2025-08,40.77,61,1.0,25.28,42.78,6.77,9.61
??,2025-09,47.09,69,1.0,29.18,49.46,5.27,10.85
??,2025-10,55.3,77,1.0,34.29,58.07,6.91,12.53
??,2025-11,63.15,85,1.0,39.17,66.28,8.54,14.18
??,2025-12,69.49,90,1.0,43.07,73.0,7.07,15.53
??,2025-01,49.01,66,1.0,30.39,51.43,6.42,11.24
??,2025-02,47.05,65,1.0,29.18,49.43,7.26,10.84
??,2025-03,42.01,61,1.0,26.03,44.09,4.87,9.84
??,2025-04,35.27,55,1.0,21.88,37.06,5.31,8.69
??,2025-05,28.35,47,1.0,17.58,29.73,5.76,7.78
??,2025-06,23.65,41,1.0,14.66,24.87,3.34,7.22
??,2025-07,22.36,38,1.0,13.86,23.44,4.21,7.08
??,2025-08,23.54,39,1.0,14.62,24.71,5.33,7.22
??,2025-09,28.3,47,1.0,17.51,29.72,3.74,7.77
??,2025-10,35.16,54,1.0,21.81,36.96,5.29,8.69
??,2025-11,41.88,59,1.0,25.95,43.92,6.86,9.83
??,2025-12,47.2,63,1.0,29.26,49.59,5.27,10.85
???,2025-01,137.67,162,0.0,85.37,144.57,13.51,29.84
???,2025-02,134.84,160,0.0,83.57,141.55,14.3,29.24
???,2025-03,127.5,154,0.0,79.07,133.88,11.7,27.71
???,2025-04,117.87,99,0.0257,73.05,123.63,11.93,25.64
???,2025-05,107.48,99,0.2164,66.63,112.87,12.09,23.52
???,2025-06,100.2,99,0.5208,62.18,105.18,9.52,21.93
???,2025-07,97.44,99,0.6371,60.39,102.31,10.3,21.4
???,2025-08,99.75,99,0.5222,61.83,104.72,11.48,21.89
???,2025-09,107.58,99,0.2236,66.75,113.06,10.1,23.54
???,2025-10,117.66,99,0.0242,72.95,123.52,11.91,25.63
???,2025-11,127.11,155,0.0,78.79,133.56,13.67,27.65
???,2025-12,135.13,160,0.0,83.79,141.88,12.31,29.31
??,2025-01,61.5,77,1.0,38.12,64.57,7.41,13.87
??,2025-02,59.23,77,1.0,36.69,62.26,8.24,13.37
??,2025-03,53.15,74,1.0,32.97,55.77,5.75,12.09
??,2025-04,45.28,68,1.0,28.09,47.49,6.12,10.51
??,2025-05,37.0,58,1.0,22.92,38.85,6.45,9.04
??,2025-06,30.91,50,1.0,19.14,32.52,3.96,8.15
??,2025-07,28.84,46,1.0,17.89,30.29,4.79,7.91
??,2025-08,30.68,52,1.0,19.06,32.16,5.95,8.15
??,2025-09,36.98,59,1.0,22.92,38.83,4.47,9.05
??,2025-10,45.21,67,1.0,28.02,47.5,6.11,10.51
??,2025-11,53.02,72,1.0,32.87,55.69,7.73,12.05
??,2025-12,59.31,76,1.0,36.77,62.26,6.24,13.39
??,2025-01,69.76,90,1.0,43.24,73.26,8.09,15.59
??,2025-02,67.48,85,1.0,41.85,70.84,8.92,15.11
??,2025-03,61.47,84,1.0,38.11,64.55,6.42,13.85
??,2025-04,53.6,77,1.0,33.24,56.28,6.78,12.17
??,2025-05,45.22,66,1.0,28.05,47.46,7.13,10.44
??,2025-06,39.12,59,1.0,24.24,41.13,4.63,9.19
??,2025-07,37.04,56,1.0,22.97,38.88,5.46,8.79
??,2025-08,38.92,60,1.0,24.14,40.85,6.62,9.16
??,2025-09,45.26,64,1.0,28.04,47.57,5.13,10.44
??,2025-10,53.43,77,1.0,33.14,56.08,6.77,12.16
??,2025-11,61.33,84,1.0,38.02,64.39,8.4,13.82
??,2025-12,67.66,88,1.0,41.95,71.05,6.92,15.14
??,2025-01,69.5,88,1.0,43.09,72.98,8.06,15.51
??,2025-02,67.38,87,1.0,41.77,70.73,8.91,15.08
??,2025-03,61.75,83,1.0,38.29,64.85,6.45,13.91
??,2025-04,54.38,76,1.0,33.73,57.11,6.85,12.35
??,2025-05,46.58,68,1.0,28.89,48.89,7.23,10.72
??,2025-06,40.86,62,1.0,25.31,42.9,4.78,9.52
??,2025-07,38.93,57,1.0,24.13,40.86,5.64,9.12
??,2025-08,40.69,61,1.0,25.23,42.7,6.76,9.48
??,2025-09,46.59,67,1.0,28.86,48.93,5.24,10.72
??,2025-10,54.25,76,1.0,33.64,56.98,6.83,12.33
??,2025-11,61.62,83,1.0,38.22,64.7,8.42,13.86
??,2025-12,67.54,87,1.0,41.87,70.91,6.92,15.12
??,2025-01,70.68,91,1.0,43.83,74.2,8.17,15.76
??,2025-02,68.36,89,1.0,42.4,71.79,8.98,15.29
??,2025-03,62.42,84,1.0,38.71,65.51,6.49,14.05
??,2025-04,54.48,77,1.0,33.77,57.2,6.85,12.37
??,2025-05,46.15,68,1.0,28.6,48.48,7.2,10.64
??,2025-06,40.04,61,1.0,24.82,42.03,4.71,9.43
??,2025-07,37.95,58,1.0,23.54,39.84,5.54,9.03
??,2025-08,39.84,60,1.0,24.69,41.82,6.69,9.37
??,2025-09,46.2,70,1.0,28.63,48.49,5.2,10.63
??,2025-10,54.35,78,1.0,33.72,57.07,6.85,12.35
??,2025-11,62.24,85,1.0,38.59,65.33,8.47,14.0
??,2025-12,68.6,89,1.0,42.52,72.02,7.0,15.35
??,2025-01,81.45,99,0.9899,50.52,85.54,9.02,18.05
??,2025-02,78.77,99,0.997,48.81,82.72,9.79,17.46
??,2025-03,71.91,98,1.0,44.58,75.49,7.26,16.05
??,2025-04,62.76,90,1.0,38.9,65.89,7.52,14.1
??,2025-05,53.19,76,1.0,32.97,55.87,7.75,12.11
??,2025-06,46.13,72,1.0,28.6,48.46,5.19,10.66
??,2025-07,43.7,67,1.0,27.09,45.86,6.01,10.17
??,2025-08,45.92,71,1.0,28.51,48.24,7.19,10.59
??,2025-09,53.19,78,1.0,32.96,55.86,5.75,12.12
??,2025-10,62.62,88,1.0,38.8,65.73,7.51,14.07
??,2025-11,71.71,97,1.0,44.47,75.29,9.25,15.99
??,2025-12,79.03,99,0.9987,49.0,83.01,7.81,17.52
??,2025-01,117.5,99,0.0134,72.86,123.4,11.9,25.59
??,2025-02,114.85,99,0.0335,71.21,120.59,12.69,25.05
??,2025-03,107.89,99,0.2171,66.88,113.26,10.14,23.61
??,2025-04,98.83,99,0.5611,61.28,103.77,10.41,21.67
??,2025-05,89.25,99,0.914,55.34,93.71,10.64,19.69
??,2025-06,82.14,99,0.9938,50.9,86.24,8.06,18.17
??,2025-07,79.79,99,1.0,49.48,83.82,8.88,17.68
??,2025-08,81.94,99,0.9946,50.81,86.0,10.05,18.15
??,2025-09,89.22,99,0.9201,55.29,93.7,8.64,19.67
??,2025-10,98.72,99,0.5632,61.23,103.69,10.39,21.66
??,2025-11,107.73,99,0.2167,66.79,113.07,12.12,23.57
??,2025-12,115.03,99,0.0329,71.32,120.8,10.71,25.1
??,2025-01,55.77,74,1.0,34.59,58.59,6.97,12.64
??,2025-02,53.58,71,1.0,33.22,56.27,7.78,12.19
??,2025-03,48.02,69,1.0,29.78,50.42,5.35,11.02
??,2025-04,40.61,59,1.0,25.19,42.65,5.76,9.48
??,2025-05,32.84,54,1.0,20.36,34.45,6.12,8.13
??,2025-06,27.33,45,1.0,16.95,28.74,3.66,7.33
??,2025-07,25.52,44,1.0,15.8,26.78,4.5,7.21
??,2025-08,27.19,48,1.0,16.87,28.54,5.65,7.34
??,2025-09,32.81,51,1.0,20.31,34.49,4.12,8.09
??,2025-10,40.53,62,1.0,25.13,42.55,5.75,9.49
??,2025-11,47.86,68,1.0,29.69,50.27,7.33,10.97
??,2025-12,53.75,72,1.0,33.3,56.4,5.8,12.23
??,2025-01,58.33,77,1.0,36.17,61.25,7.16,13.19
??,2025-02,56.19,76,1.0,34.81,59.0,7.99,12.74
??,2025-03,50.58,71,1.0,31.36,53.11,5.55,11.57
??,2025-04,43.18,64,1.0,26.79,45.35,5.97,10.01
??,2025-05,35.42,56,1.0,21.97,37.17,6.32,8.49
??,2025-06,29.75,50,1.0,18.43,31.24,3.88,7.62
??,2025-07,27.85,46,1.0,17.27,29.24,4.71,7.39
??,2025-08,29.56,49,1.0,18.33,31.02,5.85,7.62
??,2025-09,35.42,57,1.0,21.93,37.22,4.33,8.51
??,2025-10,43.1,64,1.0,26.73,45.26,5.95,10.01
??,2025-11,50.43,71,1.0,31.27,52.94,7.53,11.51
??,2025-12,56.36,74,1.0,34.92,59.17,6.0,12.77
??,2025-01,116.12,99,0.0134,71.98,121.95,11.79,25.3
??,2025-02,113.55,99,0.0379,70.41,119.16,12.58,24.78
??,2025-03,106.91,99,0.2151,66.28,112.29,10.04,23.38
??,2025-04,98.14,99,0.6125,60.85,103.03,10.35,21.54
??,2025-05,88.97,99,0.9294,55.14,93.43,10.63,19.6
??,2025-06,82.11,99,0.9931,50.9,86.23,8.08,18.17
??,2025-07,79.83,99,0.9953,49.5,83.8,8.88,17.7
??,2025-08,81.87,99,0.9886,50.78,85.91,10.06,18.14
??,2025-09,88.91,99,0.9208,55.11,93.38,8.6,19.62
??,2025-10,98.03,99,0.6055,60.77,102.96,10.34,21.52
??,2025-11,106.74,99,0.2375,66.18,112.07,12.03,23.34
??,2025-12,113.81,99,0.0397,70.54,119.51,10.61,24.83
??,2025-01,80.72,99,1.0,50.05,84.75,8.95,17.89
??,2025-02,78.55,98,1.0,48.69,82.46,9.78,17.42
??,2025-03,72.95,94,1.0,45.23,76.63,7.35,16.24
??,2025-04,65.53,87,1.0,40.61,68.77,7.75,14.7
??,2025-05,57.78,78,1.0,35.85,60.7,8.11,13.08
??,2025-06,52.02,71,1.0,32.23,54.59,5.68,11.88
??,2025-07,50.12,69,1.0,31.08,52.64,6.51,11.45
??,2025-08,51.84,71,1.0,32.15,54.42,7.64,11.81
??,2025-09,57.81,80,1.0,35.82,60.69,6.12,13.09
??,2025-10,65.43,87,1.0,40.59,68.74,7.74,14.66
??,2025-11,72.8,94,1.0,45.14,76.4,9.32,16.23
??,2025-12,78.73,99,1.0,48.82,82.72,7.79,17.45
??,2025-01,67.93,88,1.0,42.12,71.36,7.94,15.2
??,2025-02,65.62,87,1.0,40.69,68.87,8.76,14.73
??,2025-03,59.65,82,1.0,36.98,62.65,6.27,13.47
??,2025-04,51.73,75,1.0,32.09,54.31,6.65,11.8
??,2025-05,43.38,65,1.0,26.89,45.54,6.98,10.09
??,2025-06,37.28,59,1.0,23.1,39.17,4.49,8.89
??,2025-07,35.16,55,1.0,21.82,36.9,5.29,8.51
??,2025-08,37.11,56,1.0,23.01,38.96,6.47,8.88
??,2025-09,43.39,62,1.0,26.89,45.56,4.98,10.07
??,2025-10,51.59,73,1.0,31.99,54.19,6.62,11.78
??,2025-11,59.49,78,1.0,36.88,62.44,8.26,13.42
??,2025-12,65.78,86,1.0,40.8,69.07,6.77,14.74
??,2025-01,95.23,99,0.7305,59.07,99.97,10.12,20.94
??,2025-02,92.54,99,0.8237,57.36,97.15,10.91,20.36
??,2025-03,85.7,99,0.9597,53.16,90.0,8.36,18.92
??,2025-04,76.57,99,0.9958,47.48,80.38,8.63,17.01
??,2025-05,66.93,91,1.0,41.48,70.27,8.86,14.98
??,2025-06,59.9,86,1.0,37.14,62.91,6.29,13.51
??,2025-07,57.53,81,1.0,35.68,60.39,7.1,13.02
??,2025-08,59.67,83,1.0,37.0,62.64,8.27,13.46
??,2025-09,66.99,92,1.0,41.52,70.36,6.86,15.01
??,2025-10,76.44,99,0.998,47.39,80.23,8.61,16.99
??,2025-11,85.47,99,0.9625,53.01,89.73,10.34,18.88
??,2025-12,92.8,99,0.8132,57.54,97.48,8.93,20.42
??,2025-01,92.84,99,0.8387,57.56,97.46,9.93,20.43
??,2025-02,90.35,99,0.9085,56.01,94.87,10.73,19.9
??,2025-03,83.82,99,0.9832,51.95,88.01,8.2,18.52
??,2025-04,75.24,98,1.0,46.64,79.01,8.52,16.72
??,2025-05,66.16,91,1.0,41.02,69.45,8.81,14.82
??,2025-06,59.5,81,1.0,36.87,62.49,6.26,13.42
??,2025-07,57.28,79,1.0,35.49,60.15,7.08,12.95
??,2025-08,59.3,83,1.0,36.78,62.26,8.23,13.41
??,2025-09,66.17,90,1.0,41.03,69.51,6.79,14.83
??,2025-10,75.11,99,1.0,46.56,78.85,8.51,16.7
??,2025-11,83.66,99,0.9889,51.89,87.82,10.19,18.48
??,2025-12,90.51,99,0.9026,56.11,95.08,8.75,19.94
??,2025-01,85.52,99,0.9738,53.01,89.81,9.33,18.89
??,2025-02,83.0,99,0.9888,51.45,87.12,10.14,18.37
??,2025-03,76.28,99,1.0,47.31,80.07,7.59,16.96
??,2025-04,67.57,92,1.0,41.88,70.95,7.91,15.12
??,2025-05,58.27,81,1.0,36.14,61.21,8.16,13.18
??,2025-06,51.53,75,1.0,31.95,54.1,5.62,11.76
??,2025-07,49.21,71,1.0,30.5,51.71,6.44,11.26
??,2025-08,51.36,74,1.0,31.85,53.89,7.62,11.72
??,2025-09,58.31,82,1.0,36.13,61.26,6.16,13.19
??,2025-10,67.43,93,1.0,41.81,70.76,7.9,15.1
??,2025-11,76.14,99,1.0,47.2,79.93,9.58,16.92
??,2025-12,83.12,99,0.9866,51.55,87.27,8.14,18.4
??,2025-01,68.86,89,1.0,42.69,72.33,8.02,15.38
??,2025-02,66.52,87,1.0,41.26,69.79,8.83,14.91
??,2025-03,60.57,83,1.0,37.55,63.64,6.33,13.66
??,2025-04,52.65,74,1.0,32.65,55.28,6.7,11.98
??,2025-05,44.33,66,1.0,27.48,46.54,7.04,10.25
??,2025-06,38.18,59,1.0,23.68,40.09,4.56,8.99
??,2025-07,36.06,56,1.0,22.36,37.83,5.38,8.61
??,2025-08,38.0,58,1.0,23.57,39.89,6.54,8.97
??,2025-09,44.33,66,1.0,27.47,46.59,5.05,10.25
??,2025-10,52.58,76,1.0,32.58,55.24,6.7,11.97
??,2025-11,60.41,82,1.0,37.47,63.43,8.34,13.62
??,2025-12,66.7,87,1.0,41.37,70.02,6.85,14.94
????,2025-01,90.82,99,0.9019,56.31,95.35,9.76,20.01
????,2025-02,88.37,99,0.9427,54.77,92.8,10.57,19.5
????,2025-03,81.82,99,0.9926,50.73,85.89,8.03,18.11
????,2025-04,73.22,96,1.0,45.4,76.88,8.37,16.31
????,2025-05,64.18,86,1.0,39.81,67.39,8.64,14.42
????,2025-06,57.53,82,1.0,35.68,60.43,6.11,13.01
????,2025-07,55.24,76,1.0,34.25,58.0,6.92,12.53
????,2025-08,57.3,80,1.0,35.53,60.12,8.08,12.98
????,2025-09,64.17,87,1.0,39.77,67.41,6.64,14.41
????,2025-10,73.11,96,1.0,45.34,76.79,8.36,16.28
????,2025-11,81.65,99,0.9924,50.62,85.72,10.03,18.07
????,2025-12,88.52,99,0.9382,54.88,92.95,8.58,19.53
