city,province,region,year_month,record_count,avg_aqi,max_aqi,good_rate,avg_pm25,avg_pm10,avg_so2,avg_no2
上海,上海市,华东,2025-01,1488,69.76,89,1.0,43.27,73.22,8.11,15.57
上海,上海市,华东,2025-02,1344,67.6,88,1.0,41.88,70.9,8.92,15.13
上海,上海市,华东,2025-03,1488,61.46,83,1.0,38.1,64.56,6.41,13.85
上海,上海市,华东,2025-04,1440,53.48,76,1.0,33.2,56.19,6.78,12.14
上海,上海市,华东,2025-05,1488,45.27,67,1.0,28.07,47.49,7.13,10.44
上海,上海市,华东,2025-06,1440,39.08,61,1.0,24.18,41.12,4.65,9.28
上海,上海市,华东,2025-07,1488,36.99,57,1.0,22.97,38.87,5.46,8.85
上海,上海市,华东,2025-08,1488,38.92,58,1.0,24.16,40.83,6.61,9.21
上海,上海市,华东,2025-09,1440,45.36,66,1.0,28.09,47.56,5.13,10.47
上海,上海市,华东,2025-10,1488,53.43,75,1.0,33.11,56.15,6.78,12.17
上海,上海市,华东,2025-11,1440,61.28,84,1.0,38.06,64.32,8.39,13.77
上海,上海市,华东,2025-12,1488,67.7,89,1.0,41.98,71.05,6.94,15.15
东莞,广东省,华南,2025-01,1488,58.36,75,1.0,36.19,61.26,7.16,13.19
东莞,广东省,华南,2025-02,1344,56.43,73,1.0,34.99,59.28,8.0,12.77
东莞,广东省,华南,2025-03,1488,51.35,71,1.0,31.82,53.9,5.6,11.71
东莞,广东省,华南,2025-04,1440,44.62,62,1.0,27.66,46.86,6.08,10.33
东莞,广东省,华南,2025-05,1488,37.59,55,1.0,23.3,39.45,6.51,8.99
东莞,广东省,华南,2025-06,1440,32.37,51,1.0,20.07,33.99,4.08,8.16
东莞,广东省,华南,2025-07,1488,30.64,47,1.0,18.98,32.19,4.95,7.89
东莞,广东省,华南,2025-08,1488,32.21,50,1.0,19.99,33.8,6.07,8.14
东莞,广东省,华南,2025-09,1440,37.59,57,1.0,23.28,39.47,4.51,8.98
东莞,广东省,华南,2025-10,1488,44.54,64,1.0,27.61,46.77,6.07,10.31
东莞,广东省,华南,2025-11,1440,51.21,70,1.0,31.75,53.75,7.6,11.69
东莞,广东省,华南,2025-12,1488,56.57,75,1.0,35.07,59.4,6.03,12.81
中山,广东省,华南,2025-01,1488,54.45,71,1.0,33.76,57.16,6.85,12.37
中山,广东省,华南,2025-02,1344,52.52,71,1.0,32.57,55.16,7.7,11.97
中山,广东省,华南,2025-03,1488,47.44,66,1.0,29.41,49.81,5.29,10.9
中山,广东省,华南,2025-04,1440,40.73,59,1.0,25.26,42.76,5.77,9.53
中山,广东省,华南,2025-05,1488,33.69,52,1.0,20.89,35.37,6.18,8.25
中山,广东省,华南,2025-06,1440,28.54,47,1.0,17.69,29.98,3.78,7.53
中山,广东省,华南,2025-07,1488,26.84,44,1.0,16.63,28.2,4.64,7.34
中山,广东省,华南,2025-08,1488,28.38,46,1.0,17.62,29.77,5.77,7.52
中山,广东省,华南,2025-09,1440,33.68,53,1.0,20.87,35.39,4.19,8.23
中山,广东省,华南,2025-10,1488,40.65,60,1.0,25.21,42.65,5.76,9.5
中山,广东省,华南,2025-11,1440,47.29,66,1.0,29.31,49.64,7.29,10.86
中山,广东省,华南,2025-12,1488,52.7,70,1.0,32.66,55.33,5.71,12.01
乌鲁木齐,新疆维吾尔自治区,西北,2025-01,1488,121.74,145,0.0,75.49,127.81,12.24,26.51
乌鲁木齐,新疆维吾尔自治区,西北,2025-02,1344,119.07,143,0.0022,73.81,125.0,13.03,25.93
乌鲁木齐,新疆维吾尔自治区,西北,2025-03,1488,112.18,138,0.0847,69.55,117.8,10.48,24.49
乌鲁木齐,新疆维吾尔自治区,西北,2025-04,1440,103.07,128,0.3903,63.9,108.22,10.75,22.56
乌鲁木齐,新疆维吾尔自治区,西北,2025-05,1488,93.43,118,0.7883,57.92,98.08,10.98,20.56
乌鲁木齐,新疆维吾尔自治区,西北,2025-06,1440,86.4,112,0.9632,53.56,90.73,8.42,19.08
乌鲁木齐,新疆维吾尔自治区,西北,2025-07,1488,84.03,107,0.9866,52.12,88.23,9.22,18.58
乌鲁木齐,新疆维吾尔自治区,西北,2025-08,1488,86.17,109,0.9543,53.41,90.46,10.38,19.03
乌鲁木齐,新疆维吾尔自治区,西北,2025-09,1440,93.47,118,0.7917,57.94,98.18,8.97,20.56
乌鲁木齐,新疆维吾尔自治区,西北,2025-10,1488,102.96,129,0.3911,63.85,108.1,10.73,22.55
乌鲁木齐,新疆维吾尔自治区,西北,2025-11,1440,111.98,137,0.0868,69.45,117.55,12.45,24.45
乌鲁木齐,新疆维吾尔自治区,西北,2025-12,1488,119.25,143,0.0047,73.91,125.24,11.03,25.98
佛山,广东省,华南,2025-01,1488,63.07,80,1.0,39.08,66.19,7.56,14.18
佛山,广东省,华南,2025-02,1344,61.11,78,1.0,37.92,64.19,8.38,13.76
佛山,广东省,华南,2025-03,1488,56.02,75,1.0,34.73,58.82,5.98,12.69
佛山,广东省,华南,2025-04,1440,49.31,69,1.0,30.58,51.78,6.45,11.29
佛山,广东省,华南,2025-05,1488,42.26,59,1.0,26.18,44.35,6.9,9.9
佛山,广东省,华南,2025-06,1440,37.05,55,1.0,22.98,38.94,4.47,9.0
佛山,广东省,华南,2025-07,1488,35.3,52,1.0,21.88,37.07,5.32,8.73
佛山,广东省,华南,2025-08,1488,36.93,56,1.0,22.92,38.74,6.44,9.0
佛山,广东省,华南,2025-09,1440,42.23,62,1.0,26.16,44.38,4.89,9.92
佛山,广东省,华南,2025-10,1488,49.23,69,1.0,30.54,51.67,6.45,11.29
佛山,广东省,华南,2025-11,1440,55.86,73,1.0,34.64,58.64,7.96,12.66
佛山,广东省,华南,2025-12,1488,61.27,80,1.0,37.99,64.34,6.39,13.82
兰州,甘肃省,西北,2025-01,1488,110.09,133,0.1196,68.28,115.61,11.29,24.06
兰州,甘肃省,西北,2025-02,1344,107.42,131,0.2098,66.58,112.8,12.09,23.49
兰州,甘肃省,西北,2025-03,1488,100.51,126,0.506,62.31,105.51,9.54,22.05
兰州,甘肃省,西北,2025-04,1440,91.38,117,0.8528,56.65,95.94,9.83,20.12
兰州,甘肃省,西北,2025-05,1488,81.84,106,0.9866,50.77,85.95,10.03,18.12
兰州,甘肃省,西北,2025-06,1440,74.75,99,1.0,46.34,78.46,7.48,16.64
兰州,甘肃省,西北,2025-07,1488,72.33,95,1.0,44.82,75.94,8.29,16.12
兰州,甘肃省,西北,2025-08,1488,74.57,97,1.0,46.25,78.28,9.47,16.6
兰州,甘肃省,西北,2025-09,1440,81.78,108,0.9868,50.69,85.87,8.04,18.12
兰州,甘肃省,西北,2025-10,1488,91.26,118,0.8448,56.59,95.84,9.8,20.08
兰州,甘肃省,西北,2025-11,1440,100.35,126,0.5063,62.24,105.35,11.53,22.0
兰州,甘肃省,西北,2025-12,1488,107.59,132,0.2097,66.69,112.96,10.1,23.53
北京,北京市,华北,2025-01,1488,112.8,137,0.1001,69.96,118.49,11.53,24.62
北京,北京市,华北,2025-02,1344,110.26,136,0.1421,68.46,115.85,12.33,24.09
北京,北京市,华北,2025-03,1488,102.67,129,0.4106,63.67,107.78,9.72,22.47
北京,北京市,华北,2025-04,1440,92.71,119,0.809,57.42,97.35,9.93,20.42
北京,北京市,华北,2025-05,1488,82.72,110,0.9711,51.3,86.87,10.11,18.31
北京,北京市,华北,2025-06,1440,75.0,101,0.9986,46.41,78.65,7.48,16.66
北京,北京市,华北,2025-07,1488,72.63,97,1.0,45.06,76.32,8.29,16.19
北京,北京市,华北,2025-08,1488,74.98,100,1.0,46.52,78.73,9.49,16.69
北京,北京市,华北,2025-09,1440,82.67,108,0.9875,51.18,86.66,8.11,18.26
北京,北京市,华北,2025-10,1488,92.76,122,0.789,57.52,97.43,9.89,20.44
北京,北京市,华北,2025-11,1440,102.59,130,0.4271,63.63,107.58,11.72,22.44
北京,北京市,华北,2025-12,1488,110.16,135,0.1411,68.26,115.67,10.31,24.07
南京,江苏省,华东,2025-01,1488,81.73,101,0.9993,50.7,85.78,9.05,18.11
南京,江苏省,华东,2025-02,1344,79.52,101,0.9985,49.3,83.45,9.85,17.64
南京,江苏省,华东,2025-03,1488,73.47,95,1.0,45.53,77.15,7.38,16.38
南京,江苏省,华东,2025-04,1440,65.41,88,1.0,40.56,68.77,7.73,14.67
南京,江苏省,华东,2025-05,1488,57.2,78,1.0,35.49,60.03,8.06,12.93
南京,江苏省,华东,2025-06,1440,51.17,73,1.0,31.7,53.7,5.59,11.7
南京,江苏省,华东,2025-07,1488,48.97,69,1.0,30.35,51.48,6.41,11.23
南京,江苏省,华东,2025-08,1488,50.83,71,1.0,31.52,53.38,7.58,11.61
南京,江苏省,华东,2025-09,1440,57.23,79,1.0,35.52,60.03,6.07,12.93
南京,江苏省,华东,2025-10,1488,65.44,87,1.0,40.56,68.69,7.74,14.69
南京,江苏省,华东,2025-11,1440,73.18,96,1.0,45.36,76.92,9.36,16.31
南京,江苏省,华东,2025-12,1488,79.59,100,1.0,49.36,83.57,7.88,17.64
南宁,广西壮族自治区,华南,2025-01,1488,54.48,71,1.0,33.78,57.19,6.86,12.39
南宁,广西壮族自治区,华南,2025-02,1344,52.52,69,1.0,32.58,55.17,7.69,11.96
南宁,广西壮族自治区,华南,2025-03,1488,47.42,66,1.0,29.4,49.79,5.3,10.91
南宁,广西壮族自治区,华南,2025-04,1440,40.78,59,1.0,25.29,42.78,5.78,9.64
南宁,广西壮族自治区,华南,2025-05,1488,33.64,52,1.0,20.84,35.33,6.2,8.49
南宁,广西壮族自治区,华南,2025-06,1440,28.58,46,1.0,17.73,30.0,3.78,7.84
南宁,广西壮族自治区,华南,2025-07,1488,26.82,44,1.0,16.63,28.19,4.63,7.61
南宁,广西壮族自治区,华南,2025-08,1488,28.43,46,1.0,17.62,29.79,5.77,7.83
南宁,广西壮族自治区,华南,2025-09,1440,33.66,52,1.0,20.86,35.41,4.18,8.48
南宁,广西壮族自治区,华南,2025-10,1488,40.64,59,1.0,25.2,42.65,5.76,9.63
南宁,广西壮族自治区,华南,2025-11,1440,47.27,66,1.0,29.33,49.65,7.29,10.86
南宁,广西壮族自治区,华南,2025-12,1488,52.7,70,1.0,32.65,55.31,5.72,12.01
南昌,江西省,华东,2025-01,1488,75.3,95,1.0,46.67,79.09,8.53,16.77
南昌,江西省,华东,2025-02,1344,73.03,94,1.0,45.27,76.7,9.34,16.26
南昌,江西省,华东,2025-03,1488,67.02,88,1.0,41.54,70.38,6.86,15.0
南昌,江西省,华东,2025-04,1440,59.07,81,1.0,36.62,62.0,7.2,13.33
南昌,江西省,华东,2025-05,1488,50.72,73,1.0,31.45,53.21,7.54,11.59
南昌,江西省,华东,2025-06,1440,44.63,64,1.0,27.67,46.88,5.08,10.34
南昌,江西省,华东,2025-07,1488,42.58,62,1.0,26.39,44.75,5.91,9.94
南昌,江西省,华东,2025-08,1488,44.48,65,1.0,27.57,46.7,7.06,10.3
南昌,江西省,华东,2025-09,1440,50.74,72,1.0,31.46,53.28,5.56,11.59
南昌,江西省,华东,2025-10,1488,58.93,81,1.0,36.55,61.84,7.21,13.3
南昌,江西省,华东,2025-11,1440,66.83,87,1.0,41.45,70.14,8.86,14.96
南昌,江西省,华东,2025-12,1488,73.2,94,1.0,45.37,76.91,7.36,16.32
厦门,福建省,华东,2025-01,1488,55.97,76,1.0,34.71,58.78,6.99,12.69
厦门,福建省,华东,2025-02,1344,53.72,74,1.0,33.27,56.45,7.78,12.2
厦门,福建省,华东,2025-03,1488,47.66,68,1.0,29.56,50.04,5.32,10.95
厦门,福建省,华东,2025-04,1440,39.71,61,1.0,24.65,41.63,5.67,9.44
厦门,福建省,华东,2025-05,1488,31.48,54,1.0,19.52,33.05,6.01,8.2
厦门,福建省,华东,2025-06,1440,25.86,46,1.0,16.02,27.2,3.54,7.46
厦门,福建省,华东,2025-07,1488,24.15,43,1.0,14.95,25.4,4.35,7.26
厦门,福建省,华东,2025-08,1488,25.65,46,1.0,15.93,26.9,5.51,7.43
厦门,福建省,华东,2025-09,1440,31.43,50,1.0,19.49,32.97,4.01,8.18
厦门,福建省,华东,2025-10,1488,39.65,61,1.0,24.6,41.62,5.67,9.45
厦门,福建省,华东,2025-11,1440,47.56,70,1.0,29.47,49.96,7.33,10.95
厦门,福建省,华东,2025-12,1488,53.86,75,1.0,33.37,56.59,5.81,12.24
合肥,安徽省,华东,2025-01,1488,78.97,99,1.0,48.97,82.9,8.8,17.53
合肥,安徽省,华东,2025-02,1344,76.67,98,1.0,47.51,80.58,9.63,17.03
合肥,安徽省,华东,2025-03,1488,70.64,93,1.0,43.82,74.14,7.16,15.77
合肥,安徽省,华东,2025-04,1440,62.82,86,1.0,38.95,65.94,7.52,14.14
合肥,安徽省,华东,2025-05,1488,54.46,75,1.0,33.75,57.19,7.85,12.38
合肥,安徽省,华东,2025-06,1440,48.25,68,1.0,29.93,50.71,5.35,11.09
合肥,安徽省,华东,2025-07,1488,46.21,66,1.0,28.66,48.48,6.19,10.67
合肥,安徽省,华东,2025-08,1488,48.14,68,1.0,29.86,50.5,7.34,11.08
合肥,安徽省,华东,2025-09,1440,54.51,77,1.0,33.75,57.29,5.85,12.4
合肥,安徽省,华东,2025-10,1488,62.64,85,1.0,38.84,65.8,7.51,14.08
合肥,安徽省,华东,2025-11,1440,70.46,94,1.0,43.73,73.91,9.15,15.7
合肥,安徽省,华东,2025-12,1488,76.87,97,1.0,47.66,80.69,7.65,17.08
呼和浩特,内蒙古自治区,华北,2025-01,1488,103.76,128,0.3569,64.36,108.92,10.79,22.7
呼和浩特,内蒙古自治区,华北,2025-02,1344,101.09,124,0.4747,62.63,106.05,11.59,22.17
呼和浩特,内蒙古自治区,华北,2025-03,1488,93.54,120,0.7661,57.98,98.25,8.99,20.58
呼和浩特,内蒙古自治区,华北,2025-04,1440,83.93,112,0.9597,52.1,88.09,9.21,18.52
呼和浩特,内蒙古自治区,华北,2025-05,1488,73.67,98,1.0,45.65,77.33,9.41,16.4
呼和浩特,内蒙古自治区,华北,2025-06,1440,65.96,91,1.0,40.87,69.41,6.78,14.79
呼和浩特,内蒙古自治区,华北,2025-07,1488,63.59,88,1.0,39.44,66.75,7.59,14.28
呼和浩特,内蒙古自治区,华北,2025-08,1488,65.95,90,1.0,40.93,69.18,8.77,14.76
呼和浩特,内蒙古自治区,华北,2025-09,1440,73.62,102,0.9986,45.56,77.34,7.4,16.43
呼和浩特,内蒙古自治区,华北,2025-10,1488,83.71,109,0.9765,51.92,87.94,9.2,18.51
呼和浩特,内蒙古自治区,华北,2025-11,1440,93.55,120,0.7674,58.02,98.08,10.97,20.54
呼和浩特,内蒙古自治区,华北,2025-12,1488,101.16,126,0.4731,62.69,106.24,9.6,22.19
哈尔滨,黑龙江省,东北,2025-01,1488,98.83,120,0.5914,61.28,103.75,10.4,21.69
哈尔滨,黑龙江省,东北,2025-02,1344,96.32,119,0.7009,59.73,101.15,11.2,21.17
哈尔滨,黑龙江省,东北,2025-03,1488,89.83,114,0.9066,55.69,94.32,8.69,19.81
哈尔滨,黑龙江省,东北,2025-04,1440,81.23,105,0.9938,50.37,85.28,8.99,17.99
哈尔滨,黑龙江省,东北,2025-05,1488,72.14,95,1.0,44.73,75.76,9.28,16.1
哈尔滨,黑龙江省,东北,2025-06,1440,65.51,88,1.0,40.59,68.81,6.74,14.69
哈尔滨,黑龙江省,东北,2025-07,1488,63.28,84,1.0,39.24,66.43,7.57,14.23
哈尔滨,黑龙江省,东北,2025-08,1488,65.29,88,1.0,40.47,68.56,8.73,14.64
哈尔滨,黑龙江省,东北,2025-09,1440,72.19,97,1.0,44.75,75.82,7.28,16.09
哈尔滨,黑龙江省,东北,2025-10,1488,81.11,107,0.9946,50.29,85.15,8.98,17.98
哈尔滨,黑龙江省,东北,2025-11,1440,89.64,113,0.9132,55.59,94.11,10.67,19.76
哈尔滨,黑龙江省,东北,2025-12,1488,96.53,120,0.6929,59.84,101.38,9.22,21.2
嘉峪关,甘肃省,西北,2025-01,1488,90.97,114,0.8938,56.4,95.52,9.77,20.04
嘉峪关,甘肃省,西北,2025-02,1344,88.35,113,0.9249,54.79,92.79,10.56,19.48
嘉峪关,甘肃省,西北,2025-03,1488,81.42,107,0.9886,50.49,85.47,8.02,18.03
嘉峪关,甘肃省,西北,2025-04,1440,72.31,94,1.0,44.83,75.91,8.29,16.11
嘉峪关,甘肃省,西北,2025-05,1488,62.72,87,1.0,38.9,65.86,8.51,14.1
嘉峪关,甘肃省,西北,2025-06,1440,55.68,81,1.0,34.51,58.49,5.95,12.63
嘉峪关,甘肃省,西北,2025-07,1488,53.28,77,1.0,33.04,55.95,6.75,12.13
嘉峪关,甘肃省,西北,2025-08,1488,55.44,79,1.0,34.37,58.19,7.92,12.58
嘉峪关,甘肃省,西北,2025-09,1440,62.71,90,1.0,38.88,65.87,6.52,14.1
嘉峪关,甘肃省,西北,2025-10,1488,72.18,99,1.0,44.75,75.78,8.28,16.09
嘉峪关,甘肃省,西北,2025-11,1440,81.27,101,0.9993,50.41,85.31,10.0,17.99
嘉峪关,甘肃省,西北,2025-12,1488,88.57,110,0.9267,54.91,93.02,8.59,19.55
大理,云南省,西南,2025-01,1488,48.86,67,1.0,30.3,51.31,6.42,11.2
大理,云南省,西南,2025-02,1344,46.74,66,1.0,28.96,49.06,7.24,10.74
大理,云南省,西南,2025-03,1488,41.15,60,1.0,25.52,43.21,4.8,9.64
大理,云南省,西南,2025-04,1440,33.73,54,1.0,20.91,35.41,5.19,8.3
大理,云南省,西南,2025-05,1488,26.32,46,1.0,16.3,27.62,5.57,7.36
大理,云南省,西南,2025-06,1440,21.93,41,1.0,13.58,23.04,3.13,6.92
大理,云南省,西南,2025-07,1488,20.77,37,1.0,12.88,21.82,4.0,6.82
大理,云南省,西南,2025-08,1488,21.83,39,1.0,13.56,22.92,5.13,6.91
大理,云南省,西南,2025-09,1440,26.29,45,1.0,16.27,27.63,3.58,7.34
大理,云南省,西南,2025-10,1488,33.65,55,1.0,20.86,35.32,5.18,8.3
大理,云南省,西南,2025-11,1440,40.98,61,1.0,25.4,43.0,6.79,9.59
大理,云南省,西南,2025-12,1488,46.88,67,1.0,29.06,49.23,5.24,10.79
大连,辽宁省,东北,2025-01,1488,70.84,93,1.0,43.93,74.38,8.17,15.82
大连,辽宁省,东北,2025-02,1344,68.35,92,1.0,42.36,71.77,8.97,15.29
大连,辽宁省,东北,2025-03,1488,61.8,85,1.0,38.31,64.91,6.44,13.91
大连,辽宁省,东北,2025-04,1440,53.23,76,1.0,33.02,55.89,6.76,12.12
大连,辽宁省,东北,2025-05,1488,44.2,68,1.0,27.42,46.38,7.03,10.33
大连,辽宁省,东北,2025-06,1440,37.51,58,1.0,23.25,39.4,4.49,9.19
大连,辽宁省,东北,2025-07,1488,35.21,57,1.0,21.82,37.0,5.3,8.82
大连,辽宁省,东北,2025-08,1488,37.35,60,1.0,23.18,39.18,6.5,9.15
大连,辽宁省,东北,2025-09,1440,44.18,69,1.0,27.39,46.42,5.04,10.31
大连,辽宁省,东北,2025-10,1488,53.08,78,1.0,32.9,55.75,6.75,12.08
大连,辽宁省,东北,2025-11,1440,61.64,86,1.0,38.23,64.7,8.43,13.87
大连,辽宁省,东北,2025-12,1488,68.55,90,1.0,42.5,71.97,7.0,15.34
天津,天津市,华北,2025-01,1488,108.27,132,0.213,67.15,113.73,11.18,23.66
天津,天津市,华北,2025-02,1344,105.55,131,0.2969,65.46,110.85,11.93,23.1
天津,天津市,华北,2025-03,1488,98.16,125,0.5988,60.87,103.05,9.37,21.53
天津,天津市,华北,2025-04,1440,88.27,115,0.9056,54.65,92.6,9.58,19.45
天津,天津市,华北,2025-05,1488,78.17,105,0.994,48.49,82.1,9.76,17.36
天津,天津市,华北,2025-06,1440,70.75,97,1.0,43.84,74.15,7.13,15.75
天津,天津市,华北,2025-07,1488,68.04,93,1.0,42.18,71.47,7.97,15.23
天津,天津市,华北,2025-08,1488,70.38,96,1.0,43.65,73.94,9.12,15.74
天津,天津市,华北,2025-09,1440,78.38,107,0.9931,48.62,82.23,7.73,17.37
天津,天津市,华北,2025-10,1488,88.21,116,0.9005,54.68,92.62,9.56,19.47
天津,天津市,华北,2025-11,1440,98.02,124,0.6139,60.87,102.98,11.39,21.52
天津,天津市,华北,2025-12,1488,105.69,130,0.3091,65.51,110.95,9.97,23.13
太原,山西省,华北,2025-01,1488,124.11,148,0.0,76.97,130.31,12.44,26.98
太原,山西省,华北,2025-02,1344,121.33,148,0.0045,75.16,127.33,13.21,26.42
太原,山西省,华北,2025-03,1488,113.88,142,0.0665,70.62,119.61,10.62,24.87
太原,山西省,华北,2025-04,1440,104.4,132,0.3382,64.74,109.48,10.84,22.82
太原,山西省,华北,2025-05,1488,93.95,121,0.7634,58.24,98.66,11.04,20.67
太原,山西省,华北,2025-06,1440,86.42,111,0.9354,53.64,90.83,8.42,19.07
太原,山西省,华北,2025-07,1488,83.94,109,0.9778,52.04,88.11,9.22,18.55
太原,山西省,华北,2025-08,1488,86.26,113,0.957,53.48,90.51,10.39,19.04
太原,山西省,华北,2025-09,1440,93.82,120,0.7743,58.15,98.67,9.0,20.66
太原,山西省,华北,2025-10,1488,104.12,128,0.3622,64.57,109.31,10.83,22.77
太原,山西省,华北,2025-11,1440,113.72,140,0.0701,70.44,119.35,12.6,24.82
太原,山西省,华北,2025-12,1488,121.48,147,0.0027,75.32,127.6,11.22,26.45
宁波,浙江省,华东,2025-01,1488,67.01,87,1.0,41.56,70.33,7.86,15.01
宁波,浙江省,华东,2025-02,1344,64.69,85,1.0,40.1,67.97,8.68,14.51
宁波,浙江省,华东,2025-03,1488,58.72,80,1.0,36.42,61.61,6.2,13.26
宁波,浙江省,华东,2025-04,1440,50.89,73,1.0,31.52,53.46,6.56,11.65
宁波,浙江省,华东,2025-05,1488,42.45,62,1.0,26.32,44.59,6.9,9.97
宁波,浙江省,华东,2025-06,1440,36.28,57,1.0,22.54,38.04,4.4,8.92
宁波,浙江省,华东,2025-07,1488,34.31,54,1.0,21.27,36.01,5.24,8.65
宁波,浙江省,华东,2025-08,1488,36.23,58,1.0,22.47,38.03,6.4,8.95
宁波,浙江省,华东,2025-09,1440,42.47,63,1.0,26.29,44.69,4.9,10.0
宁波,浙江省,华东,2025-10,1488,50.66,74,1.0,31.42,53.18,6.54,11.59
宁波,浙江省,华东,2025-11,1440,58.59,81,1.0,36.34,61.44,8.18,13.24
宁波,浙江省,华东,2025-12,1488,64.93,86,1.0,40.23,68.21,6.71,14.59
宜昌,湖北省,华中,2025-01,1488,77.34,99,1.0,47.95,81.2,8.69,17.18
宜昌,湖北省,华中,2025-02,1344,74.81,98,1.0,46.37,78.58,9.48,16.65
宜昌,湖北省,华中,2025-03,1488,68.13,93,1.0,42.25,71.53,6.95,15.25
宜昌,湖北省,华中,2025-04,1440,59.4,83,1.0,36.83,62.38,7.26,13.4
宜昌,湖北省,华中,2025-05,1488,50.13,74,1.0,31.09,52.62,7.51,11.48
宜昌,湖北省,华中,2025-06,1440,43.38,68,1.0,26.88,45.57,4.98,10.17
宜昌,湖北省,华中,2025-07,1488,41.05,63,1.0,25.46,43.09,5.78,9.74
宜昌,湖北省,华中,2025-08,1488,43.19,66,1.0,26.77,45.34,6.96,10.16
宜昌,湖北省,华中,2025-09,1440,50.13,75,1.0,31.07,52.67,5.52,11.47
宜昌,湖北省,华中,2025-10,1488,59.28,85,1.0,36.73,62.26,7.24,13.39
宜昌,湖北省,华中,2025-11,1440,67.95,92,1.0,42.15,71.32,8.94,15.18
宜昌,湖北省,华中,2025-12,1488,75.01,98,1.0,46.48,78.79,7.5,16.69
宝鸡,陕西省,西北,2025-01,1488,99.44,123,0.5504,61.66,104.42,10.46,21.83
宝鸡,陕西省,西北,2025-02,1344,96.83,119,0.6659,60.04,101.67,11.24,21.27
宝鸡,陕西省,西北,2025-03,1488,89.93,112,0.8918,55.76,94.42,8.69,19.81
宝鸡,陕西省,西北,2025-04,1440,80.8,104,0.9938,50.11,84.82,8.95,17.89
宝鸡,陕西省,西北,2025-05,1488,71.19,96,1.0,44.13,74.73,9.19,15.89
宝鸡,陕西省,西北,2025-06,1440,64.14,89,1.0,39.76,67.36,6.63,14.41
宝鸡,陕西省,西北,2025-07,1488,61.75,85,1.0,38.29,64.85,7.44,13.89
宝鸡,陕西省,西北,2025-08,1488,63.95,88,1.0,39.65,67.12,8.62,14.36
宝鸡,陕西省,西北,2025-09,1440,71.2,96,1.0,44.12,74.78,7.2,15.88
宝鸡,陕西省,西北,2025-10,1488,80.66,104,0.9953,50.0,84.69,8.95,17.87
宝鸡,陕西省,西北,2025-11,1440,89.71,116,0.891,55.65,94.17,10.67,19.78
宝鸡,陕西省,西北,2025-12,1488,97.03,121,0.6579,60.16,101.92,9.26,21.32
常州,江苏省,华东,2025-01,1488,76.22,96,1.0,47.26,80.05,8.6,16.91
常州,江苏省,华东,2025-02,1344,73.91,95,1.0,45.81,77.61,9.41,16.44
常州,江苏省,华东,2025-03,1488,67.89,90,1.0,42.09,71.27,6.94,15.19
常州,江苏省,华东,2025-04,1440,59.99,83,1.0,37.19,63.0,7.3,13.52
常州,江苏省,华东,2025-05,1488,51.71,74,1.0,32.04,54.28,7.63,11.8
常州,江苏省,华东,2025-06,1440,45.53,67,1.0,28.24,47.82,5.15,10.51
常州,江苏省,华东,2025-07,1488,43.47,64,1.0,26.94,45.67,5.99,10.08
常州,江苏省,华东,2025-08,1488,45.38,66,1.0,28.15,47.6,7.14,10.48
常州,江苏省,华东,2025-09,1440,51.66,73,1.0,32.02,54.28,5.63,11.79
常州,江苏省,华东,2025-10,1488,59.91,83,1.0,37.15,62.93,7.29,13.51
常州,江苏省,华东,2025-11,1440,67.75,91,1.0,42.03,71.09,8.93,15.15
常州,江苏省,华东,2025-12,1488,74.06,95,1.0,45.9,77.78,7.42,16.48
广州,广东省,华南,2025-01,1488,56.04,73,1.0,34.72,58.83,6.98,12.69
广州,广东省,华南,2025-02,1344,54.09,72,1.0,33.54,56.79,7.83,12.3
广州,广东省,华南,2025-03,1488,49.02,67,1.0,30.41,51.43,5.41,11.23
广州,广东省,华南,2025-04,1440,42.3,60,1.0,26.23,44.41,5.9,9.85
广州,广东省,华南,2025-05,1488,35.22,53,1.0,21.84,36.97,6.31,8.56
广州,广东省,华南,2025-06,1440,30.07,49,1.0,18.63,31.6,3.9,7.78
广州,广东省,华南,2025-07,1488,28.3,45,1.0,17.56,29.74,4.76,7.56
广州,广东省,华南,2025-08,1488,29.93,48,1.0,18.55,31.44,5.88,7.77
广州,广东省,华南,2025-09,1440,35.23,55,1.0,21.83,37.01,4.31,8.55
广州,广东省,华南,2025-10,1488,42.23,60,1.0,26.17,44.33,5.89,9.83
广州,广东省,华南,2025-11,1440,48.82,68,1.0,30.28,51.26,7.4,11.19
广州,广东省,华南,2025-12,1488,54.27,72,1.0,33.63,56.96,5.84,12.33
惠州,广东省,华南,2025-01,1488,52.12,68,1.0,32.32,54.72,6.67,11.88
惠州,广东省,华南,2025-02,1344,50.2,68,1.0,31.13,52.69,7.52,11.49
惠州,广东省,华南,2025-03,1488,45.1,64,1.0,27.96,47.35,5.13,10.4
惠州,广东省,华南,2025-04,1440,38.4,58,1.0,23.8,40.32,5.58,9.02
惠州,广东省,华南,2025-05,1488,31.34,50,1.0,19.43,32.91,6.0,7.82
惠州,广东省,华南,2025-06,1440,26.35,45,1.0,16.33,27.66,3.59,7.19
惠州,广东省,华南,2025-07,1488,24.76,41,1.0,15.35,26.02,4.46,7.05
惠州,广东省,华南,2025-08,1488,26.2,44,1.0,16.26,27.47,5.58,7.19
惠州,广东省,华南,2025-09,1440,31.34,50,1.0,19.43,32.93,4.0,7.81
惠州,广东省,华南,2025-10,1488,38.31,58,1.0,23.75,40.21,5.56,9.02
惠州,广东省,华南,2025-11,1440,44.97,64,1.0,27.9,47.2,7.11,10.37
惠州,广东省,华南,2025-12,1488,50.33,68,1.0,31.18,52.85,5.52,11.51
成都,四川省,西南,2025-01,1488,87.6,106,0.9765,54.33,91.99,9.5,19.32
成都,四川省,西南,2025-02,1344,85.4,105,0.994,52.93,89.64,10.31,18.86
成都,四川省,西南,2025-03,1488,79.87,101,0.9987,49.55,83.88,7.88,17.69
成都,四川省,西南,2025-04,1440,72.4,92,1.0,44.88,76.0,8.29,16.13
成都,四川省,西南,2025-05,1488,64.67,85,1.0,40.11,67.91,8.68,14.53
成都,四川省,西南,2025-06,1440,58.9,76,1.0,36.51,61.88,6.21,13.32
成都,四川省,西南,2025-07,1488,56.99,76,1.0,35.32,59.83,7.06,12.91
成都,四川省,西南,2025-08,1488,58.75,77,1.0,36.46,61.69,8.18,13.25
成都,四川省,西南,2025-09,1440,64.63,84,1.0,40.03,67.84,6.69,14.51
成都,四川省,西南,2025-10,1488,72.36,93,1.0,44.88,76.0,8.3,16.13
成都,四川省,西南,2025-11,1440,79.64,100,1.0,49.37,83.59,9.87,17.66
成都,四川省,西南,2025-12,1488,85.63,104,0.9892,53.08,89.93,8.34,18.9
拉萨,西藏自治区,西南,2025-01,1488,46.31,65,1.0,28.73,48.67,6.22,10.65
拉萨,西藏自治区,西南,2025-02,1344,44.16,64,1.0,27.37,46.36,7.03,10.2
拉萨,西藏自治区,西南,2025-03,1488,38.5,58,1.0,23.86,40.41,4.58,9.06
拉萨,西藏自治区,西南,2025-04,1440,31.22,50,1.0,19.38,32.82,4.99,7.76
拉萨,西藏自治区,西南,2025-05,1488,24.18,44,1.0,14.99,25.36,5.37,6.99
拉萨,西藏自治区,西南,2025-06,1440,20.46,36,1.0,12.67,21.5,2.97,6.78
拉萨,西藏自治区,西南,2025-07,1488,19.67,34,1.0,12.21,20.68,3.85,6.72
拉萨,西藏自治区,西南,2025-08,1488,20.42,36,1.0,12.66,21.4,4.95,6.77
拉萨,西藏自治区,西南,2025-09,1440,24.15,43,1.0,14.98,25.4,3.38,6.99
拉萨,西藏自治区,西南,2025-10,1488,31.1,53,1.0,19.28,32.65,4.98,7.75
拉萨,西藏自治区,西南,2025-11,1440,38.38,60,1.0,23.8,40.26,6.56,9.02
拉萨,西藏自治区,西南,2025-12,1488,44.35,62,1.0,27.5,46.61,5.05,10.23
无锡,江苏省,华东,2025-01,1488,72.53,92,1.0,44.96,76.16,8.3,16.14
无锡,江苏省,华东,2025-02,1344,70.23,92,1.0,43.54,73.76,9.12,15.69
无锡,江苏省,华东,2025-03,1488,64.24,85,1.0,39.84,67.44,6.64,14.42
无锡,江苏省,华东,2025-04,1440,56.3,79,1.0,34.92,59.13,6.99,12.76
无锡,江苏省,华东,2025-05,1488,48.01,70,1.0,29.75,50.4,7.34,11.0
无锡,江苏省,华东,2025-06,1440,41.87,63,1.0,25.98,43.95,4.86,9.73
无锡,江苏省,华东,2025-07,1488,39.77,60,1.0,24.66,41.79,5.69,9.33
无锡,江苏省,华东,2025-08,1488,41.71,63,1.0,25.87,43.78,6.85,9.72
无锡,江苏省,华东,2025-09,1440,48.0,69,1.0,29.75,50.4,5.35,11.02
无锡,江苏省,华东,2025-10,1488,56.2,78,1.0,34.84,59.03,6.99,12.74
无锡,江苏省,华东,2025-11,1440,64.09,85,1.0,39.74,67.28,8.62,14.38
无锡,江苏省,华东,2025-12,1488,70.4,91,1.0,43.66,73.92,7.14,15.72
昆明,云南省,西南,2025-01,1488,53.19,70,1.0,32.99,55.86,6.75,12.1
昆明,云南省,西南,2025-02,1344,51.02,71,1.0,31.62,53.56,7.58,11.65
昆明,云南省,西南,2025-03,1488,45.41,63,1.0,28.16,47.67,5.15,10.48
昆明,云南省,西南,2025-04,1440,38.05,55,1.0,23.6,39.98,5.55,8.95
昆明,云南省,西南,2025-05,1488,30.27,51,1.0,18.76,31.74,5.91,7.62
昆明,云南省,西南,2025-06,1440,24.99,38,1.0,15.51,26.29,3.45,7.12
昆明,云南省,西南,2025-07,1488,23.65,41,1.0,14.67,24.86,4.29,6.93
昆明,云南省,西南,2025-08,1488,24.85,41,1.0,15.41,26.07,5.43,7.01
昆明,云南省,西南,2025-09,1440,30.32,52,1.0,18.79,31.88,3.91,7.67
昆明,云南省,西南,2025-10,1488,37.9,55,1.0,23.49,39.77,5.53,8.94
昆明,云南省,西南,2025-11,1440,45.31,59,1.0,28.12,47.57,7.14,10.44
昆明,云南省,西南,2025-12,1488,51.18,70,1.0,31.72,53.75,5.6,11.69
杭州,浙江省,华东,2025-01,1488,73.45,93,1.0,45.56,77.08,8.36,16.35
杭州,浙江省,华东,2025-02,1344,71.16,92,1.0,44.11,74.72,9.21,15.87
杭州,浙江省,华东,2025-03,1488,65.21,88,1.0,40.42,68.45,6.73,14.63
杭州,浙江省,华东,2025-04,1440,57.23,80,1.0,35.46,60.17,7.07,12.97
杭州,浙江省,华东,2025-05,1488,48.88,70,1.0,30.32,51.31,7.41,11.21
杭州,浙江省,华东,2025-06,1440,42.83,64,1.0,26.58,44.9,4.94,10.0
杭州,浙江省,华东,2025-07,1488,40.73,61,1.0,25.22,42.79,5.76,9.64
杭州,浙江省,华东,2025-08,1488,42.6,63,1.0,26.41,44.74,6.93,9.97
杭州,浙江省,华东,2025-09,1440,48.82,71,1.0,30.29,51.3,5.41,11.18
杭州,浙江省,华东,2025-10,1488,57.15,81,1.0,35.44,59.98,7.06,12.93
杭州,浙江省,华东,2025-11,1440,65.07,88,1.0,40.31,68.35,8.71,14.62
杭州,浙江省,华东,2025-12,1488,71.3,91,1.0,44.2,74.91,7.22,15.91
株洲,湖南省,华中,2025-01,1488,89.57,111,0.9187,55.53,94.03,9.68,19.74
株洲,湖南省,华中,2025-02,1344,87.05,110,0.9613,53.96,91.42,10.46,19.23
株洲,湖南省,华中,2025-03,1488,80.42,103,0.994,49.89,84.42,7.94,17.82
株洲,湖南省,华中,2025-04,1440,71.61,95,1.0,44.41,75.21,8.23,15.96
株洲,湖南省,华中,2025-05,1488,62.42,86,1.0,38.71,65.55,8.5,14.04
株洲,湖南省,华中,2025-06,1440,55.59,80,1.0,34.46,58.39,5.94,12.61
株洲,湖南省,华中,2025-07,1488,53.31,76,1.0,33.06,55.97,6.76,12.12
株洲,湖南省,华中,2025-08,1488,55.4,80,1.0,34.34,58.15,7.92,12.58
株洲,湖南省,华中,2025-09,1440,62.41,86,1.0,38.7,65.54,6.48,14.03
株洲,湖南省,华中,2025-10,1488,71.49,97,1.0,44.32,75.09,8.22,15.96
株洲,湖南省,华中,2025-11,1440,80.23,104,0.9951,49.76,84.21,9.91,17.77
株洲,湖南省,华中,2025-12,1488,87.24,110,0.9516,54.09,91.63,8.47,19.26
桂林,广西壮族自治区,华南,2025-01,1488,48.99,66,1.0,30.4,51.44,6.41,11.23
桂林,广西壮族自治区,华南,2025-02,1344,47.09,65,1.0,29.18,49.43,7.28,10.82
桂林,广西壮族自治区,华南,2025-03,1488,41.97,61,1.0,26.02,44.08,4.88,9.75
桂林,广西壮族自治区,华南,2025-04,1440,35.28,55,1.0,21.87,37.04,5.31,8.41
桂林,广西壮族自治区,华南,2025-05,1488,28.31,47,1.0,17.55,29.71,5.76,7.36
桂林,广西壮族自治区,华南,2025-06,1440,23.65,42,1.0,14.66,24.84,3.34,6.93
桂林,广西壮族自治区,华南,2025-07,1488,22.34,38,1.0,13.86,23.46,4.2,6.87
桂林,广西壮族自治区,华南,2025-08,1488,23.57,40,1.0,14.63,24.72,5.33,6.93
桂林,广西壮族自治区,华南,2025-09,1440,28.3,47,1.0,17.54,29.74,3.75,7.35
桂林,广西壮族自治区,华南,2025-10,1488,35.17,54,1.0,21.8,36.95,5.3,8.42
桂林,广西壮族自治区,华南,2025-11,1440,41.85,60,1.0,25.96,43.92,6.86,9.72
桂林,广西壮族自治区,华南,2025-12,1488,47.22,65,1.0,29.27,49.61,5.28,10.86
武汉,湖北省,华中,2025-01,1488,91.64,114,0.8723,56.81,96.25,9.82,20.18
武汉,湖北省,华中,2025-02,1344,89.11,113,0.9204,55.26,93.53,10.63,19.64
武汉,湖北省,华中,2025-03,1488,82.39,107,0.9933,51.08,86.5,8.08,18.24
武汉,湖北省,华中,2025-04,1440,73.68,98,1.0,45.69,77.35,8.38,16.4
武汉,湖北省,华中,2025-05,1488,64.43,88,1.0,39.94,67.69,8.66,14.47
武汉,湖北省,华中,2025-06,1440,57.63,80,1.0,35.73,60.52,6.12,13.04
武汉,湖北省,华中,2025-07,1488,55.38,78,1.0,34.31,58.16,6.93,12.55
武汉,湖北省,华中,2025-08,1488,57.44,81,1.0,35.65,60.24,8.09,13.01
武汉,湖北省,华中,2025-09,1440,64.44,90,1.0,39.94,67.68,6.66,14.47
武汉,湖北省,华中,2025-10,1488,73.51,98,1.0,45.6,77.18,8.39,16.4
武汉,湖北省,华中,2025-11,1440,82.27,107,0.9896,51.01,86.37,10.08,18.21
武汉,湖北省,华中,2025-12,1488,89.26,112,0.9194,55.33,93.77,8.65,19.67
沈阳,辽宁省,东北,2025-01,1488,96.84,119,0.6788,60.06,101.65,10.25,21.28
沈阳,辽宁省,东北,2025-02,1344,94.34,117,0.7835,58.49,99.07,11.06,20.74
沈阳,辽宁省,东北,2025-03,1488,87.8,112,0.9489,54.44,92.22,8.53,19.37
沈阳,辽宁省,东北,2025-04,1440,79.23,103,0.9986,49.13,83.2,8.85,17.56
沈阳,辽宁省,东北,2025-05,1488,70.19,94,1.0,43.52,73.67,9.11,15.69
沈阳,辽宁省,东北,2025-06,1440,63.5,86,1.0,39.37,66.7,6.58,14.26
沈阳,辽宁省,东北,2025-07,1488,61.24,83,1.0,37.97,64.35,7.39,13.78
沈阳,辽宁省,东北,2025-08,1488,63.32,86,1.0,39.27,66.45,8.57,14.25
沈阳,辽宁省,东北,2025-09,1440,70.18,95,1.0,43.49,73.71,7.11,15.68
沈阳,辽宁省,东北,2025-10,1488,79.1,104,0.9966,49.05,83.09,8.82,17.53
沈阳,辽宁省,东北,2025-11,1440,87.65,113,0.9458,54.35,92.01,10.5,19.34
沈阳,辽宁省,东北,2025-12,1488,94.54,118,0.7634,58.61,99.25,9.07,20.78
泉州,福建省,华东,2025-01,1488,62.38,82,1.0,38.67,65.52,7.5,14.04
泉州,福建省,华东,2025-02,1344,60.1,80,1.0,37.26,63.1,8.31,13.56
泉州,福建省,华东,2025-03,1488,54.13,75,1.0,33.55,56.86,5.82,12.31
泉州,福建省,华东,2025-04,1440,46.19,68,1.0,28.64,48.47,6.19,10.64
泉州,福建省,华东,2025-05,1488,37.89,60,1.0,23.49,39.79,6.53,9.1
泉州,福建省,华东,2025-06,1440,31.78,54,1.0,19.72,33.39,4.05,8.14
泉州,福建省,华东,2025-07,1488,29.74,50,1.0,18.43,31.24,4.86,7.86
泉州,福建省,华东,2025-08,1488,31.63,54,1.0,19.6,33.2,6.02,8.1
泉州,福建省,华东,2025-09,1440,37.86,61,1.0,23.46,39.75,4.53,9.06
泉州,福建省,华东,2025-10,1488,46.11,70,1.0,28.58,48.44,6.19,10.63
泉州,福建省,华东,2025-11,1440,53.94,76,1.0,33.45,56.61,7.82,12.26
泉州,福建省,华东,2025-12,1488,60.31,81,1.0,37.37,63.36,6.31,13.6
洛阳,河南省,华中,2025-01,1488,108.95,131,0.1411,67.55,114.38,11.21,23.82
洛阳,河南省,华中,2025-02,1344,106.43,130,0.2329,65.98,111.77,12.01,23.29
洛阳,河南省,华中,2025-03,1488,99.75,125,0.5397,61.85,104.74,9.49,21.89
洛阳,河南省,华中,2025-04,1440,91.02,115,0.8708,56.43,95.58,9.78,20.05
洛阳,河南省,华中,2025-05,1488,81.74,105,0.9913,50.7,85.82,10.02,18.08
洛阳,河南省,华中,2025-06,1440,75.0,99,1.0,46.49,78.75,7.5,16.68
洛阳,河南省,华中,2025-07,1488,72.66,95,1.0,45.08,76.31,8.3,16.18
洛阳,河南省,华中,2025-08,1488,74.79,98,1.0,46.39,78.5,9.49,16.63
洛阳,河南省,华中,2025-09,1440,81.78,108,0.9924,50.67,85.9,8.03,18.1
洛阳,河南省,华中,2025-10,1488,90.89,116,0.8696,56.37,95.43,9.77,20.01
洛阳,河南省,华中,2025-11,1440,99.61,125,0.5465,61.77,104.57,11.47,21.85
洛阳,河南省,华中,2025-12,1488,106.62,131,0.2224,66.1,111.95,10.03,23.32
济南,山东省,华东,2025-01,1488,97.38,117,0.6667,60.36,102.29,10.29,21.39
济南,山东省,华东,2025-02,1344,95.08,115,0.7872,58.95,99.81,11.13,20.91
济南,山东省,华东,2025-03,1488,89.11,110,0.918,55.23,93.6,8.63,19.64
济南,山东省,华东,2025-04,1440,81.19,102,0.9972,50.32,85.25,9.0,17.97
济南,山东省,华东,2025-05,1488,72.81,96,1.0,45.15,76.41,9.32,16.22
济南,山东省,华东,2025-06,1440,66.69,85,1.0,41.34,70.04,6.86,14.95
济南,山东省,华东,2025-07,1488,64.62,85,1.0,40.06,67.86,7.68,14.5
济南,山东省,华东,2025-08,1488,66.57,88,1.0,41.26,69.91,8.82,14.93
济南,山东省,华东,2025-09,1440,72.87,95,1.0,45.15,76.56,7.33,16.22
济南,山东省,华东,2025-10,1488,81.06,101,0.996,50.25,85.1,8.96,17.96
济南,山东省,华东,2025-11,1440,88.88,112,0.9431,55.13,93.28,10.6,19.6
济南,山东省,华东,2025-12,1488,95.21,114,0.748,59.05,99.95,9.11,20.94
海口,海南省,华南,2025-01,1488,43.57,60,1.0,27.02,45.73,6.0,10.14
海口,海南省,华南,2025-02,1344,41.61,59,1.0,25.8,43.71,6.84,9.76
海口,海南省,华南,2025-03,1488,36.51,54,1.0,22.64,38.35,4.42,8.89
海口,海南省,华南,2025-04,1440,29.87,48,1.0,18.51,31.33,4.88,7.96
海口,海南省,华南,2025-05,1488,23.51,40,1.0,14.59,24.72,5.32,7.19
海口,海南省,华南,2025-06,1440,20.23,34,1.0,12.52,21.23,2.95,6.85
海口,海南省,华南,2025-07,1488,19.45,32,1.0,12.08,20.47,3.84,6.73
海口,海南省,华南,2025-08,1488,20.14,35,1.0,12.49,21.11,4.94,6.83
海口,海南省,华南,2025-09,1440,23.52,42,1.0,14.59,24.72,3.31,7.21
海口,海南省,华南,2025-10,1488,29.73,49,1.0,18.42,31.21,4.87,7.95
海口,海南省,华南,2025-11,1440,36.41,56,1.0,22.6,38.2,6.4,8.87
海口,海南省,华南,2025-12,1488,41.72,59,1.0,25.84,43.82,4.86,9.78
深圳,广东省,华南,2025-01,1488,52.92,69,1.0,32.8,55.55,6.74,12.03
深圳,广东省,华南,2025-02,1344,50.95,68,1.0,31.6,53.51,7.57,11.63
深圳,广东省,华南,2025-03,1488,45.9,64,1.0,28.46,48.15,5.17,10.6
深圳,广东省,华南,2025-04,1440,39.16,58,1.0,24.27,41.12,5.65,9.27
深圳,广东省,华南,2025-05,1488,32.14,51,1.0,19.93,33.71,6.06,8.2
深圳,广东省,华南,2025-06,1440,27.06,46,1.0,16.76,28.45,3.66,7.54
深圳,广东省,华南,2025-07,1488,25.43,42,1.0,15.78,26.69,4.51,7.34
深圳,广东省,华南,2025-08,1488,26.89,44,1.0,16.68,28.24,5.62,7.53
深圳,广东省,华南,2025-09,1440,32.14,51,1.0,19.92,33.74,4.08,8.17
深圳,广东省,华南,2025-10,1488,39.06,57,1.0,24.21,41.04,5.63,9.25
深圳,广东省,华南,2025-11,1440,45.74,63,1.0,28.37,47.99,7.17,10.56
深圳,广东省,华南,2025-12,1488,51.12,69,1.0,31.68,53.7,5.58,11.65
温州,浙江省,华东,2025-01,1488,63.34,82,1.0,39.26,66.52,7.58,14.23
温州,浙江省,华东,2025-02,1344,61.05,79,1.0,37.86,64.1,8.38,13.76
温州,浙江省,华东,2025-03,1488,55.02,77,1.0,34.12,57.74,5.9,12.51
温州,浙江省,华东,2025-04,1440,47.14,70,1.0,29.21,49.51,6.28,10.82
温州,浙江省,华东,2025-05,1488,38.79,61,1.0,24.07,40.7,6.6,9.11
温州,浙江省,华东,2025-06,1440,32.67,54,1.0,20.25,34.33,4.11,8.0
温州,浙江省,华东,2025-07,1488,30.66,50,1.0,19.01,32.2,4.94,7.67
温州,浙江省,华东,2025-08,1488,32.5,54,1.0,20.16,34.08,6.09,7.98
温州,浙江省,华东,2025-09,1440,38.81,62,1.0,24.05,40.79,4.6,9.12
温州,浙江省,华东,2025-10,1488,47.03,68,1.0,29.17,49.37,6.27,10.8
温州,浙江省,华东,2025-11,1440,54.85,73,1.0,34.0,57.58,7.89,12.45
温州,浙江省,华东,2025-12,1488,61.22,82,1.0,37.94,64.31,6.39,13.78
潍坊,山东省,华东,2025-01,1488,88.14,108,0.9644,54.64,92.55,9.55,19.45
潍坊,山东省,华东,2025-02,1344,85.88,107,0.9844,53.24,90.17,10.37,18.97
潍坊,山东省,华东,2025-03,1488,79.87,102,0.9993,49.52,83.87,7.89,17.7
潍坊,山东省,华东,2025-04,1440,71.97,94,1.0,44.61,75.55,8.27,16.04
潍坊,山东省,华东,2025-05,1488,63.63,85,1.0,39.46,66.81,8.6,14.3
潍坊,山东省,华东,2025-06,1440,57.52,80,1.0,35.65,60.38,6.09,13.03
潍坊,山东省,华东,2025-07,1488,55.45,76,1.0,34.37,58.26,6.94,12.58
潍坊,山东省,华东,2025-08,1488,57.31,79,1.0,35.54,60.13,8.07,12.95
潍坊,山东省,华东,2025-09,1440,63.67,85,1.0,39.46,66.89,6.59,14.31
潍坊,山东省,华东,2025-10,1488,71.83,95,1.0,44.54,75.4,8.25,16.01
潍坊,山东省,华东,2025-11,1440,79.74,102,0.9986,49.46,83.71,9.87,17.68
潍坊,山东省,华东,2025-12,1488,86.04,107,0.9798,53.35,90.33,8.37,19.0
烟台,山东省,华东,2025-01,1488,71.6,91,1.0,44.38,75.18,8.23,15.98
烟台,山东省,华东,2025-02,1344,69.31,89,1.0,42.98,72.76,9.06,15.49
烟台,山东省,华东,2025-03,1488,63.32,85,1.0,39.25,66.5,6.57,14.23
烟台,山东省,华东,2025-04,1440,55.39,78,1.0,34.36,58.13,6.93,12.57
烟台,山东省,华东,2025-05,1488,47.09,69,1.0,29.19,49.47,7.27,10.86
烟台,山东省,华东,2025-06,1440,40.93,63,1.0,25.39,42.96,4.78,9.67
烟台,山东省,华东,2025-07,1488,38.9,59,1.0,24.12,40.88,5.63,9.3
烟台,山东省,华东,2025-08,1488,40.77,61,1.0,25.28,42.78,6.77,9.61
烟台,山东省,华东,2025-09,1440,47.09,69,1.0,29.18,49.46,5.27,10.85
烟台,山东省,华东,2025-10,1488,55.3,77,1.0,34.29,58.07,6.91,12.53
烟台,山东省,华东,2025-11,1440,63.15,85,1.0,39.17,66.28,8.54,14.18
烟台,山东省,华东,2025-12,1488,69.49,90,1.0,43.07,73.0,7.07,15.53
珠海,广东省,华南,2025-01,1488,49.01,66,1.0,30.39,51.43,6.42,11.24
珠海,广东省,华南,2025-02,1344,47.05,65,1.0,29.18,49.43,7.26,10.84
珠海,广东省,华南,2025-03,1488,42.01,61,1.0,26.03,44.09,4.87,9.84
珠海,广东省,华南,2025-04,1440,35.27,55,1.0,21.88,37.06,5.31,8.69
珠海,广东省,华南,2025-05,1488,28.35,47,1.0,17.58,29.73,5.76,7.78
珠海,广东省,华南,2025-06,1440,23.65,41,1.0,14.66,24.87,3.34,7.22
珠海,广东省,华南,2025-07,1488,22.36,38,1.0,13.86,23.44,4.21,7.08
珠海,广东省,华南,2025-08,1488,23.54,39,1.0,14.62,24.71,5.33,7.22
珠海,广东省,华南,2025-09,1440,28.3,47,1.0,17.51,29.72,3.74,7.77
珠海,广东省,华南,2025-10,1488,35.16,54,1.0,21.81,36.96,5.29,8.69
珠海,广东省,华南,2025-11,1440,41.88,59,1.0,25.95,43.92,6.86,9.83
珠海,广东省,华南,2025-12,1488,47.2,63,1.0,29.26,49.59,5.27,10.85
石家庄,河北省,华北,2025-01,1488,137.67,162,0.0,85.37,144.57,13.51,29.84
石家庄,河北省,华北,2025-02,1344,134.84,160,0.0,83.57,141.55,14.3,29.24
石家庄,河北省,华北,2025-03,1488,127.5,154,0.0,79.07,133.88,11.7,27.71
石家庄,河北省,华北,2025-04,1440,117.87,145,0.0257,73.05,123.63,11.93,25.64
石家庄,河北省,华北,2025-05,1488,107.48,135,0.2164,66.63,112.87,12.09,23.52
石家庄,河北省,华北,2025-06,1440,100.2,126,0.5208,62.18,105.18,9.52,21.93
石家庄,河北省,华北,2025-07,1488,97.44,121,0.6371,60.39,102.31,10.3,21.4
石家庄,河北省,华北,2025-08,1488,99.75,126,0.5222,61.83,104.72,11.48,21.89
石家庄,河北省,华北,2025-09,1440,107.58,136,0.2236,66.75,113.06,10.1,23.54
石家庄,河北省,华北,2025-10,1488,117.66,145,0.0242,72.95,123.52,11.91,25.63
石家庄,河北省,华北,2025-11,1440,127.11,155,0.0,78.79,133.56,13.67,27.65
石家庄,河北省,华北,2025-12,1488,135.13,160,0.0,83.79,141.88,12.31,29.31
福州,福建省,华东,2025-01,1488,61.5,77,1.0,38.12,64.57,7.41,13.87
福州,福建省,华东,2025-02,1344,59.23,77,1.0,36.69,62.26,8.24,13.37
福州,福建省,华东,2025-03,1488,53.15,74,1.0,32.97,55.77,5.75,12.09
福州,福建省,华东,2025-04,1440,45.28,68,1.0,28.09,47.49,6.12,10.51
福州,福建省,华东,2025-05,1488,37.0,58,1.0,22.92,38.85,6.45,9.04
福州,福建省,华东,2025-06,1440,30.91,50,1.0,19.14,32.52,3.96,8.15
福州,福建省,华东,2025-07,1488,28.84,46,1.0,17.89,30.29,4.79,7.91
福州,福建省,华东,2025-08,1488,30.68,52,1.0,19.06,32.16,5.95,8.15
福州,福建省,华东,2025-09,1440,36.98,59,1.0,22.92,38.83,4.47,9.05
福州,福建省,华东,2025-10,1488,45.21,67,1.0,28.02,47.5,6.11,10.51
福州,福建省,华东,2025-11,1440,53.02,72,1.0,32.87,55.69,7.73,12.05
福州,福建省,华东,2025-12,1488,59.31,76,1.0,36.77,62.26,6.24,13.39
绍兴,浙江省,华东,2025-01,1488,69.76,90,1.0,43.24,73.26,8.09,15.59
绍兴,浙江省,华东,2025-02,1344,67.48,85,1.0,41.85,70.84,8.92,15.11
绍兴,浙江省,华东,2025-03,1488,61.47,84,1.0,38.11,64.55,6.42,13.85
绍兴,浙江省,华东,2025-04,1440,53.6,77,1.0,33.24,56.28,6.78,12.17
绍兴,浙江省,华东,2025-05,1488,45.22,66,1.0,28.05,47.46,7.13,10.44
绍兴,浙江省,华东,2025-06,1440,39.12,59,1.0,24.24,41.13,4.63,9.19
绍兴,浙江省,华东,2025-07,1488,37.04,56,1.0,22.97,38.88,5.46,8.79
绍兴,浙江省,华东,2025-08,1488,38.92,60,1.0,24.14,40.85,6.62,9.16
绍兴,浙江省,华东,2025-09,1440,45.26,64,1.0,28.04,47.57,5.13,10.44
绍兴,浙江省,华东,2025-10,1488,53.43,77,1.0,33.14,56.08,6.77,12.16
绍兴,浙江省,华东,2025-11,1440,61.33,84,1.0,38.02,64.39,8.4,13.82
绍兴,浙江省,华东,2025-12,1488,67.66,88,1.0,41.95,71.05,6.92,15.14
绵阳,四川省,西南,2025-01,1488,69.5,88,1.0,43.09,72.98,8.06,15.51
绵阳,四川省,西南,2025-02,1344,67.38,87,1.0,41.77,70.73,8.91,15.08
绵阳,四川省,西南,2025-03,1488,61.75,83,1.0,38.29,64.85,6.45,13.91
绵阳,四川省,西南,2025-04,1440,54.38,76,1.0,33.73,57.11,6.85,12.35
绵阳,四川省,西南,2025-05,1488,46.58,68,1.0,28.89,48.89,7.23,10.72
绵阳,四川省,西南,2025-06,1440,40.86,62,1.0,25.31,42.9,4.78,9.52
绵阳,四川省,西南,2025-07,1488,38.93,57,1.0,24.13,40.86,5.64,9.12
绵阳,四川省,西南,2025-08,1488,40.69,61,1.0,25.23,42.7,6.76,9.48
绵阳,四川省,西南,2025-09,1440,46.59,67,1.0,28.86,48.93,5.24,10.72
绵阳,四川省,西南,2025-10,1488,54.25,76,1.0,33.64,56.98,6.83,12.33
绵阳,四川省,西南,2025-11,1440,61.62,83,1.0,38.22,64.7,8.42,13.86
绵阳,四川省,西南,2025-12,1488,67.54,87,1.0,41.87,70.91,6.92,15.12
苏州,江苏省,华东,2025-01,1488,70.68,91,1.0,43.83,74.2,8.17,15.76
苏州,江苏省,华东,2025-02,1344,68.36,89,1.0,42.4,71.79,8.98,15.29
苏州,江苏省,华东,2025-03,1488,62.42,84,1.0,38.71,65.51,6.49,14.05
苏州,江苏省,华东,2025-04,1440,54.48,77,1.0,33.77,57.2,6.85,12.37
苏州,江苏省,华东,2025-05,1488,46.15,68,1.0,28.6,48.48,7.2,10.64
苏州,江苏省,华东,2025-06,1440,40.04,61,1.0,24.82,42.03,4.71,9.43
苏州,江苏省,华东,2025-07,1488,37.95,58,1.0,23.54,39.84,5.54,9.03
苏州,江苏省,华东,2025-08,1488,39.84,60,1.0,24.69,41.82,6.69,9.37
苏州,江苏省,华东,2025-09,1440,46.2,70,1.0,28.63,48.49,5.2,10.63
苏州,江苏省,华东,2025-10,1488,54.35,78,1.0,33.72,57.07,6.85,12.35
苏州,江苏省,华东,2025-11,1440,62.24,85,1.0,38.59,65.33,8.47,14.0
苏州,江苏省,华东,2025-12,1488,68.6,89,1.0,42.52,72.02,7.0,15.35
西宁,青海省,西北,2025-01,1488,81.45,104,0.9899,50.52,85.54,9.02,18.05
西宁,青海省,西北,2025-02,1344,78.77,103,0.997,48.81,82.72,9.79,17.46
西宁,青海省,西北,2025-03,1488,71.91,98,1.0,44.58,75.49,7.26,16.05
西宁,青海省,西北,2025-04,1440,62.76,90,1.0,38.9,65.89,7.52,14.1
西宁,青海省,西北,2025-05,1488,53.19,76,1.0,32.97,55.87,7.75,12.11
西宁,青海省,西北,2025-06,1440,46.13,72,1.0,28.6,48.46,5.19,10.66
西宁,青海省,西北,2025-07,1488,43.7,67,1.0,27.09,45.86,6.01,10.17
西宁,青海省,西北,2025-08,1488,45.92,71,1.0,28.51,48.24,7.19,10.59
西宁,青海省,西北,2025-09,1440,53.19,78,1.0,32.96,55.86,5.75,12.12
西宁,青海省,西北,2025-10,1488,62.62,88,1.0,38.8,65.73,7.51,14.07
西宁,青海省,西北,2025-11,1440,71.71,97,1.0,44.47,75.29,9.25,15.99
西宁,青海省,西北,2025-12,1488,79.03,103,0.9987,49.0,83.01,7.81,17.52
西安,陕西省,西北,2025-01,1488,117.5,137,0.0134,72.86,123.4,11.9,25.59
西安,陕西省,西北,2025-02,1344,114.85,134,0.0335,71.21,120.59,12.69,25.05
西安,陕西省,西北,2025-03,1488,107.89,130,0.2171,66.88,113.26,10.14,23.61
西安,陕西省,西北,2025-04,1440,98.83,121,0.5611,61.28,103.77,10.41,21.67
西安,陕西省,西北,2025-05,1488,89.25,111,0.914,55.34,93.71,10.64,19.69
西安,陕西省,西北,2025-06,1440,82.14,104,0.9938,50.9,86.24,8.06,18.17
西安,陕西省,西北,2025-07,1488,79.79,99,1.0,49.48,83.82,8.88,17.68
西安,陕西省,西北,2025-08,1488,81.94,104,0.9946,50.81,86.0,10.05,18.15
西安,陕西省,西北,2025-09,1440,89.22,113,0.9201,55.29,93.7,8.64,19.67
西安,陕西省,西北,2025-10,1488,98.72,120,0.5632,61.23,103.69,10.39,21.66
西安,陕西省,西北,2025-11,1440,107.73,129,0.2167,66.79,113.07,12.12,23.57
西安,陕西省,西北,2025-12,1488,115.03,136,0.0329,71.32,120.8,10.71,25.1
贵阳,贵州省,西南,2025-01,1488,55.77,74,1.0,34.59,58.59,6.97,12.64
贵阳,贵州省,西南,2025-02,1344,53.58,71,1.0,33.22,56.27,7.78,12.19
贵阳,贵州省,西南,2025-03,1488,48.02,69,1.0,29.78,50.42,5.35,11.02
贵阳,贵州省,西南,2025-04,1440,40.61,59,1.0,25.19,42.65,5.76,9.48
贵阳,贵州省,西南,2025-05,1488,32.84,54,1.0,20.36,34.45,6.12,8.13
贵阳,贵州省,西南,2025-06,1440,27.33,45,1.0,16.95,28.74,3.66,7.33
贵阳,贵州省,西南,2025-07,1488,25.52,44,1.0,15.8,26.78,4.5,7.21
贵阳,贵州省,西南,2025-08,1488,27.19,48,1.0,16.87,28.54,5.65,7.34
贵阳,贵州省,西南,2025-09,1440,32.81,51,1.0,20.31,34.49,4.12,8.09
贵阳,贵州省,西南,2025-10,1488,40.53,62,1.0,25.13,42.55,5.75,9.49
贵阳,贵州省,西南,2025-11,1440,47.86,68,1.0,29.69,50.27,7.33,10.97
贵阳,贵州省,西南,2025-12,1488,53.75,72,1.0,33.3,56.4,5.8,12.23
遵义,贵州省,西南,2025-01,1488,58.33,77,1.0,36.17,61.25,7.16,13.19
遵义,贵州省,西南,2025-02,1344,56.19,76,1.0,34.81,59.0,7.99,12.74
遵义,贵州省,西南,2025-03,1488,50.58,71,1.0,31.36,53.11,5.55,11.57
遵义,贵州省,西南,2025-04,1440,43.18,64,1.0,26.79,45.35,5.97,10.01
遵义,贵州省,西南,2025-05,1488,35.42,56,1.0,21.97,37.17,6.32,8.49
遵义,贵州省,西南,2025-06,1440,29.75,50,1.0,18.43,31.24,3.88,7.62
遵义,贵州省,西南,2025-07,1488,27.85,46,1.0,17.27,29.24,4.71,7.39
遵义,贵州省,西南,2025-08,1488,29.56,49,1.0,18.33,31.02,5.85,7.62
遵义,贵州省,西南,2025-09,1440,35.42,57,1.0,21.93,37.22,4.33,8.51
遵义,贵州省,西南,2025-10,1488,43.1,64,1.0,26.73,45.26,5.95,10.01
遵义,贵州省,西南,2025-11,1440,50.43,71,1.0,31.27,52.94,7.53,11.51
遵义,贵州省,西南,2025-12,1488,56.36,74,1.0,34.92,59.17,6.0,12.77
郑州,河南省,华中,2025-01,1488,116.12,138,0.0134,71.98,121.95,11.79,25.3
郑州,河南省,华中,2025-02,1344,113.55,137,0.0379,70.41,119.16,12.58,24.78
郑州,河南省,华中,2025-03,1488,106.91,132,0.2151,66.28,112.29,10.04,23.38
郑州,河南省,华中,2025-04,1440,98.14,122,0.6125,60.85,103.03,10.35,21.54
郑州,河南省,华中,2025-05,1488,88.97,111,0.9294,55.14,93.43,10.63,19.6
郑州,河南省,华中,2025-06,1440,82.11,104,0.9931,50.9,86.23,8.08,18.17
郑州,河南省,华中,2025-07,1488,79.83,102,0.9953,49.5,83.8,8.88,17.7
郑州,河南省,华中,2025-08,1488,81.87,105,0.9886,50.78,85.91,10.06,18.14
郑州,河南省,华中,2025-09,1440,88.91,114,0.9208,55.11,93.38,8.6,19.62
郑州,河南省,华中,2025-10,1488,98.03,123,0.6055,60.77,102.96,10.34,21.52
郑州,河南省,华中,2025-11,1440,106.74,131,0.2375,66.18,112.07,12.03,23.34
郑州,河南省,华中,2025-12,1488,113.81,136,0.0397,70.54,119.51,10.61,24.83
重庆,重庆市,西南,2025-01,1488,80.72,99,1.0,50.05,84.75,8.95,17.89
重庆,重庆市,西南,2025-02,1344,78.55,98,1.0,48.69,82.46,9.78,17.42
重庆,重庆市,西南,2025-03,1488,72.95,94,1.0,45.23,76.63,7.35,16.24
重庆,重庆市,西南,2025-04,1440,65.53,87,1.0,40.61,68.77,7.75,14.7
重庆,重庆市,西南,2025-05,1488,57.78,78,1.0,35.85,60.7,8.11,13.08
重庆,重庆市,西南,2025-06,1440,52.02,71,1.0,32.23,54.59,5.68,11.88
重庆,重庆市,西南,2025-07,1488,50.12,69,1.0,31.08,52.64,6.51,11.45
重庆,重庆市,西南,2025-08,1488,51.84,71,1.0,32.15,54.42,7.64,11.81
重庆,重庆市,西南,2025-09,1440,57.81,80,1.0,35.82,60.69,6.12,13.09
重庆,重庆市,西南,2025-10,1488,65.43,87,1.0,40.59,68.74,7.74,14.66
重庆,重庆市,西南,2025-11,1440,72.8,94,1.0,45.14,76.4,9.32,16.23
重庆,重庆市,西南,2025-12,1488,78.73,99,1.0,48.82,82.72,7.79,17.45
金华,浙江省,华东,2025-01,1488,67.93,88,1.0,42.12,71.36,7.94,15.2
金华,浙江省,华东,2025-02,1344,65.62,87,1.0,40.69,68.87,8.76,14.73
金华,浙江省,华东,2025-03,1488,59.65,82,1.0,36.98,62.65,6.27,13.47
金华,浙江省,华东,2025-04,1440,51.73,75,1.0,32.09,54.31,6.65,11.8
金华,浙江省,华东,2025-05,1488,43.38,65,1.0,26.89,45.54,6.98,10.09
金华,浙江省,华东,2025-06,1440,37.28,59,1.0,23.1,39.17,4.49,8.89
金华,浙江省,华东,2025-07,1488,35.16,55,1.0,21.82,36.9,5.29,8.51
金华,浙江省,华东,2025-08,1488,37.11,56,1.0,23.01,38.96,6.47,8.88
金华,浙江省,华东,2025-09,1440,43.39,62,1.0,26.89,45.56,4.98,10.07
金华,浙江省,华东,2025-10,1488,51.59,73,1.0,31.99,54.19,6.62,11.78
金华,浙江省,华东,2025-11,1440,59.49,78,1.0,36.88,62.44,8.26,13.42
金华,浙江省,华东,2025-12,1488,65.78,86,1.0,40.8,69.07,6.77,14.74
银川,宁夏回族自治区,西北,2025-01,1488,95.23,118,0.7305,59.07,99.97,10.12,20.94
银川,宁夏回族自治区,西北,2025-02,1344,92.54,116,0.8237,57.36,97.15,10.91,20.36
银川,宁夏回族自治区,西北,2025-03,1488,85.7,110,0.9597,53.16,90.0,8.36,18.92
银川,宁夏回族自治区,西北,2025-04,1440,76.57,103,0.9958,47.48,80.38,8.63,17.01
银川,宁夏回族自治区,西北,2025-05,1488,66.93,91,1.0,41.48,70.27,8.86,14.98
银川,宁夏回族自治区,西北,2025-06,1440,59.9,86,1.0,37.14,62.91,6.29,13.51
银川,宁夏回族自治区,西北,2025-07,1488,57.53,81,1.0,35.68,60.39,7.1,13.02
银川,宁夏回族自治区,西北,2025-08,1488,59.67,83,1.0,37.0,62.64,8.27,13.46
银川,宁夏回族自治区,西北,2025-09,1440,66.99,92,1.0,41.52,70.36,6.86,15.01
银川,宁夏回族自治区,西北,2025-10,1488,76.44,103,0.998,47.39,80.23,8.61,16.99
银川,宁夏回族自治区,西北,2025-11,1440,85.47,112,0.9625,53.01,89.73,10.34,18.88
银川,宁夏回族自治区,西北,2025-12,1488,92.8,116,0.8132,57.54,97.48,8.93,20.42
长春,吉林省,东北,2025-01,1488,92.84,115,0.8387,57.56,97.46,9.93,20.43
长春,吉林省,东北,2025-02,1344,90.35,112,0.9085,56.01,94.87,10.73,19.9
长春,吉林省,东北,2025-03,1488,83.82,108,0.9832,51.95,88.01,8.2,18.52
长春,吉林省,东北,2025-04,1440,75.24,98,1.0,46.64,79.01,8.52,16.72
长春,吉林省,东北,2025-05,1488,66.16,91,1.0,41.02,69.45,8.81,14.82
长春,吉林省,东北,2025-06,1440,59.5,81,1.0,36.87,62.49,6.26,13.42
长春,吉林省,东北,2025-07,1488,57.28,79,1.0,35.49,60.15,7.08,12.95
长春,吉林省,东北,2025-08,1488,59.3,83,1.0,36.78,62.26,8.23,13.41
长春,吉林省,东北,2025-09,1440,66.17,90,1.0,41.03,69.51,6.79,14.83
长春,吉林省,东北,2025-10,1488,75.11,100,1.0,46.56,78.85,8.51,16.7
长春,吉林省,东北,2025-11,1440,83.66,108,0.9889,51.89,87.82,10.19,18.48
长春,吉林省,东北,2025-12,1488,90.51,113,0.9026,56.11,95.08,8.75,19.94
长沙,湖南省,华中,2025-01,1488,85.52,108,0.9738,53.01,89.81,9.33,18.89
长沙,湖南省,华中,2025-02,1344,83.0,105,0.9888,51.45,87.12,10.14,18.37
长沙,湖南省,华中,2025-03,1488,76.28,100,1.0,47.31,80.07,7.59,16.96
长沙,湖南省,华中,2025-04,1440,67.57,92,1.0,41.88,70.95,7.91,15.12
长沙,湖南省,华中,2025-05,1488,58.27,81,1.0,36.14,61.21,8.16,13.18
长沙,湖南省,华中,2025-06,1440,51.53,75,1.0,31.95,54.1,5.62,11.76
长沙,湖南省,华中,2025-07,1488,49.21,71,1.0,30.5,51.71,6.44,11.26
长沙,湖南省,华中,2025-08,1488,51.36,74,1.0,31.85,53.89,7.62,11.72
长沙,湖南省,华中,2025-09,1440,58.31,82,1.0,36.13,61.26,6.16,13.19
长沙,湖南省,华中,2025-10,1488,67.43,93,1.0,41.81,70.76,7.9,15.1
长沙,湖南省,华中,2025-11,1440,76.14,100,1.0,47.2,79.93,9.58,16.92
长沙,湖南省,华中,2025-12,1488,83.12,105,0.9866,51.55,87.27,8.14,18.4
青岛,山东省,华东,2025-01,1488,68.86,89,1.0,42.69,72.33,8.02,15.38
青岛,山东省,华东,2025-02,1344,66.52,87,1.0,41.26,69.79,8.83,14.91
青岛,山东省,华东,2025-03,1488,60.57,83,1.0,37.55,63.64,6.33,13.66
青岛,山东省,华东,2025-04,1440,52.65,74,1.0,32.65,55.28,6.7,11.98
青岛,山东省,华东,2025-05,1488,44.33,66,1.0,27.48,46.54,7.04,10.25
青岛,山东省,华东,2025-06,1440,38.18,59,1.0,23.68,40.09,4.56,8.99
青岛,山东省,华东,2025-07,1488,36.06,56,1.0,22.36,37.83,5.38,8.61
青岛,山东省,华东,2025-08,1488,38.0,58,1.0,23.57,39.89,6.54,8.97
青岛,山东省,华东,2025-09,1440,44.33,66,1.0,27.47,46.59,5.05,10.25
青岛,山东省,华东,2025-10,1488,52.58,76,1.0,32.58,55.24,6.7,11.97
青岛,山东省,华东,2025-11,1440,60.41,82,1.0,37.47,63.43,8.34,13.62
青岛,山东省,华东,2025-12,1488,66.7,87,1.0,41.37,70.02,6.85,14.94
齐齐哈尔,黑龙江省,东北,2025-01,1488,90.82,112,0.9019,56.31,95.35,9.76,20.01
齐齐哈尔,黑龙江省,东北,2025-02,1344,88.37,111,0.9427,54.77,92.8,10.57,19.5
齐齐哈尔,黑龙江省,东北,2025-03,1488,81.82,107,0.9926,50.73,85.89,8.03,18.11
齐齐哈尔,黑龙江省,东北,2025-04,1440,73.22,96,1.0,45.4,76.88,8.37,16.31
齐齐哈尔,黑龙江省,东北,2025-05,1488,64.18,86,1.0,39.81,67.39,8.64,14.42
齐齐哈尔,黑龙江省,东北,2025-06,1440,57.53,82,1.0,35.68,60.43,6.11,13.01
齐齐哈尔,黑龙江省,东北,2025-07,1488,55.24,76,1.0,34.25,58.0,6.92,12.53
齐齐哈尔,黑龙江省,东北,2025-08,1488,57.3,80,1.0,35.53,60.12,8.08,12.98
齐齐哈尔,黑龙江省,东北,2025-09,1440,64.17,87,1.0,39.77,67.41,6.64,14.41
齐齐哈尔,黑龙江省,东北,2025-10,1488,73.11,96,1.0,45.34,76.79,8.36,16.28
齐齐哈尔,黑龙江省,东北,2025-11,1440,81.65,107,0.9924,50.62,85.72,10.03,18.07
齐齐哈尔,黑龙江省,东北,2025-12,1488,88.52,111,0.9382,54.88,92.95,8.58,19.53
